video_trending_country,channel_title,channel_custom_url,video_category_id,trending_appearances,total_views,total_videos,channel_subscribers,channel_view_count,rank
Algeria,مستر جيجي Mr GG,@mr_gg,Gaming,876,90593955,178,5740000,2326509274,1
Algeria,رانيا كيمنك Rania Gaming,@rania_gaming,Gaming,768,71458455,134,5250000,2301517329,2
Algeria,beIN SPORTS,@beinsports,Sports,661,195750051,61,14300000,2333986858,3
Algeria,مصطفى GAME OVER,@mustafago,Gaming,610,81780203,179,12900000,4673324075,4
Algeria,تجارب اسراء - Esraa Nabil,@esraanabil2,People & Blogs,551,46683162,23,3880000,675892554,5
Algeria,صالح - oPiiLz,@opiilz,Entertainment,530,61418582,71,10200000,3089533372,6
Algeria,The wonder roby (‫روبي الخارقه‬‎),@thewonderroby,Film & Animation,454,20145109,22,1290000,518637330,7
Algeria,Studio Ganfouda - استوديو قنفودة,@studioganfouda-2083,Music,447,26157016,40,1610000,685251403,8
Algeria,Didine Canon 16,@didinecanon16.officiel,Music,442,68813581,38,7980000,2464097668,9
Algeria,Release - Topic,,Music,441,7909398,122,1940,1524093,10
Argentina,Fede Vigevani,@fedevigevani,Entertainment,676,420270040,38,73000000,24874475417,1
Argentina,ESPN Fans,@espnfans,Sports,597,152732298,66,8010000,6227885047,2
Argentina,Brawl Stars,@brawlstars,Gaming,500,467635899,71,25700000,4873772550,3
Argentina,HYBE LABELS,@hybelabels,Music,489,684923358,98,81900000,47054602165,4
Argentina,RobleisIUTU,@robleisiutu,Gaming,423,80074325,178,20300000,7065971940,5
Argentina,Chuy Mine,@chuymine,Gaming,419,117431110,317,6140000,2550071003,6
Argentina,Rubius Z,@elrubius,Gaming,416,241955357,162,14600000,3644621239,7
Argentina,Luisito Comunica,@luisitocomunica,Entertainment,414,156626330,21,44900000,10926415703,8
Argentina,Nacho,@nacho-minecraft,Gaming,396,152205391,179,7700000,2205251752,9
Argentina,RDjavi,@rdjaviii,Gaming,381,93561055,50,6330000,1002532658,10
Armenia,BABYMONSTER,@babymonster,Music,62,239730955,5,12600000,9425300584,1
Armenia,MrBeast Gaming,@mrbeastgaming,Gaming,62,151216029,4,58300000,11312421126,2
Armenia,Brawl Stars,@brawlstars,Gaming,62,77946813,10,25700000,4873772550,3
Armenia,HYBE LABELS,@hybelabels,Music,62,67406697,5,81900000,47054602165,4
Armenia,Компот,@compot,Gaming,62,16580037,30,17500000,11342499500,5
Armenia,Domer Grief,@domer.official,Gaming,62,14561511,10,8510000,1778438186,6
Armenia,MrLololoshka (Роман Фильченков),@mrlololoshka,Gaming,62,13986957,22,11400000,5618592995,7
Armenia,EroxBlox,@eroxbloxjust,Gaming,62,13634246,35,1420000,441172610,8
Armenia,ВЛАДУС,@vladus,Gaming,62,9951158,15,11000000,3605907771,9
Armenia,ГЛЕНТ,@glentyoutube,Gaming,62,9140776,12,24900000,6014206779,10
Australia,Netflix,@netflix,Entertainment,470,338888344,127,33500000,11329778322,1
Australia,MoreSidemen,@moresidemen,People & Blogs,437,207467700,60,9730000,6169784713,2
Australia,HYBE LABELS,@hybelabels,Music,413,767310139,87,81900000,47054602165,3
Australia,Foltyn,@foltynfamily,Gaming,404,257909279,248,12300000,4206223213,4
Australia,CaylusBlox,@caylusblox,Gaming,395,297572415,276,10800000,3378498070,5
Australia,Flamingo,@flamingo,Gaming,370,146508913,146,14600000,12640249094,6
Australia,Cash,@cashminecraft,Entertainment,358,114424965,293,11300000,3675318316,7
Australia,CaseOh,@caseoh_,Gaming,354,120542620,296,10700000,2397006432,8
Australia,FORMULA 1,@formula1,Sports,352,301185444,70,14700000,9805716216,9
Australia,SMii7Y,@smii7y,Gaming,348,166271423,99,8840000,3708103587,10
Austria,Brawl Stars,@brawlstars,Gaming,620,587323453,78,25700000,4873772550,1
Austria,Trymacs,@trymacs,Gaming,468,30428632,255,2530000,1594375494,2
Austria,Game Two,@gametwo,Gaming,457,11451016,103,527000,267763841,3
Austria,HYBE LABELS,@hybelabels,Music,454,700908499,50,81900000,47054602165,4
Austria,Halle77 Dortmund,@halle77,Autos & Vehicles,440,13243341,44,550000,342061517,5
Austria,EliasN97,@eliasn97,Gaming,422,23519800,142,1650000,688395503,6
Austria,BastiGHG,@bastighg,Gaming,411,55378884,113,2320000,1186812101,7
Austria,DAZN Fußball,@daznfussball,Sports,408,40090663,59,1110000,213041142,8
Austria,LACAZETTE,@lac4ze1te,Music,408,27037451,33,303000,228448718,9
Austria,Benx,@benx,Gaming,399,20710642,320,2290000,3250337363,10
Azerbaijan,Sahipsizler,@sahipsizlerdizi,Entertainment,519,251313185,30,2570000,1328145920,1
Azerbaijan,Uzak Şehir,@uzaksehirdizi,Entertainment,499,214929891,31,2610000,1604591268,2
Azerbaijan,Leyla: Hayat...Aşk...Adalet...,@leyladizi,Entertainment,443,117675348,22,1310000,836466532,3
Azerbaijan,Release - Topic,,Music,419,11317412,33,2010,6780221,4
Azerbaijan,Vefa Serifova,@vefasarifova,Music,395,34233138,16,804000,521458357,5
Azerbaijan,Röya,@royaofficial,Music,395,21132143,23,625000,632089816,6
Azerbaijan,Hudutsuz Sevda,@hudutsuzsevdadizi,Entertainment,374,67053632,20,1730000,1070651121,7
Azerbaijan,MrBeast,@mrbeast,Entertainment,373,3057011068,20,415000000,90957106039,8
Azerbaijan,Zamir Zabitoglu,@zamirzabitoglu,Music,369,18737640,22,250000,170335450,9
Azerbaijan,Ferited,@ferited,Gaming,355,129376942,198,6690000,5199763699,10
Bahrain,صالح - oPiiLz,@opiilz,Entertainment,727,65611353,64,10300000,3092856243,1
Bahrain,beIN SPORTS,@beinsports,Sports,645,192620398,53,14300000,2333986858,2
Bahrain,BanderitaX,@banderitax,Gaming,504,49586938,42,20900000,6747936190,3
Bahrain,Brawl Stars,@brawlstars,Gaming,461,308372946,29,25700000,4873772550,4
Bahrain,مصطفى GAME OVER,@mustafago,Gaming,424,38016495,62,12900000,4673324075,5
Bahrain,Narins Beauty,@narobeauty,Entertainment,423,68391461,14,16500000,2663431497,6
Bahrain,MrBeast,@mrbeast,Entertainment,399,1800360561,14,415000000,90957106039,7
Bahrain,RAED,@raed.1,Gaming,392,39727645,14,2670000,269743296,8
Bahrain,قناة سعود Saud Channel l,@saudchannel4,Entertainment,389,30439266,15,11900000,2797940792,9
Bahrain,T-Series,@tseries,Music,388,869554248,18,313000000,348663253146,10
Bangladesh,NAF Entertainment,@nafentertainment,Entertainment,478,173583083,22,4200000,1756843977,1
Bangladesh,MrBeast,@mrbeast,Entertainment,371,2779556560,16,406000000,86559064056,2
Bangladesh,Carry Depie,@carrydepie,Gaming,355,218086194,168,4530000,2300090785,3
Bangladesh,Junkeyy,@junkeyy,Gaming,355,96980876,94,3380000,956517993,4
Bangladesh,Mr. Triple R,@mrtripler,Entertainment,355,40918819,128,6900000,1468694882,5
Bangladesh,Gamer Bhai,@mr.dragon_official1,Gaming,355,29882027,77,270000,181220572,6
Bangladesh,Believer Plays Bangla,@believerplaysbangla,Gaming,355,18904684,67,283000,88318221,7
Bangladesh,Professor Of Pc Gaming,@professorofpcgaming368,Gaming,355,17643757,93,824000,395678467,8
Bangladesh,RAADVAI YT,@raadvaiyt829,Gaming,355,17050854,51,1850000,205221515,9
Bangladesh,BD 21 Hunter Gamer,@bd21huntergamer,Gaming,355,16198647,132,886000,69035821,10
Belarus,ГЛЕНТ,@glentyoutube,Gaming,495,96203808,74,24900000,6014206779,1
Belarus,i_roblox_queen,@i_roblox_queen725,Gaming,486,55117033,87,10900000,5496294998,2
Belarus,ExileShow,@exileshow,Entertainment,417,100523501,21,5640000,1037711494,3
Belarus,• Gerand •,@gerand,Gaming,373,44302025,84,4790000,3243659373,4
Belarus,MrBeast,@mrbeast,Entertainment,362,2859764126,18,415000000,90957106039,5
Belarus,A4,@a4a4a4a4,Entertainment,356,500832449,19,86200000,34402423997,6
Belarus,MrLololoshka (Роман Фильченков),@mrlololoshka,Gaming,355,117052071,145,11400000,5618592995,7
Belarus,Компот,@compot,Gaming,355,90599653,205,17500000,11342499500,8
Belarus,EdisonPts,@edisonpts,Gaming,355,90328046,171,17200000,8854128264,9
Belarus,EroxBlox,@eroxbloxjust,Gaming,355,81005898,154,1420000,441172610,10
Belgium,MrBeast,@mrbeast,Entertainment,571,4234942782,30,415000000,90957106039,1
Belgium,SQUEEZIE,@squeezie,Entertainment,567,175151677,26,20200000,11895507313,2
Belgium,Brawl Stars,@brawlstars,Gaming,550,479659682,55,25700000,4873772550,3
Belgium,MeisjeDjamila,@meisjedjamila,People & Blogs,500,8959040,66,1810000,1409954307,4
Belgium,Alex Klein,@alexklein1,Gaming,386,7456275,108,918000,478486686,5
Belgium,JOYCA,@joyca,Entertainment,383,63170124,19,6660000,1757512782,6
Belgium,Foltyn,@foltynfamily,Gaming,355,195433999,134,12300000,4206223213,7
Belgium,Fiouze,@fuzeplays,Gaming,355,25560991,100,721000,212849704,8
Belgium,MICK 2,@mickvanyoutube2,Entertainment,355,7960724,195,393000,202429155,9
Belgium,GIEL,@giel1,Entertainment,355,5915389,160,452000,178270058,10
Bolivia,Fede Vigevani,@fedevigevani,Entertainment,787,425114356,38,73000000,24874475417,1
Bolivia,HYBE LABELS,@hybelabels,Music,678,753433845,68,81900000,47054602165,2
Bolivia,ESPN Fans,@espnfans,Sports,667,155487373,66,8010000,6227885047,3
Bolivia,Brawl Stars,@brawlstars,Gaming,603,505485276,70,25700000,4873772550,4
Bolivia,Luisito Comunica,@luisitocomunica,Entertainment,573,164890056,21,44900000,10926415703,5
Bolivia,MrBeast,@mrbeast,Entertainment,546,2212926018,19,415000000,90957106039,6
Bolivia,Más SKabeche,@masskabeche,Entertainment,524,38299965,20,13600000,3810258411,7
Bolivia,Juan De Dios Pantoja,@juandediospantojaa,People & Blogs,481,108188982,16,51600000,7782133656,8
Bolivia,Rubius Z,@elrubius,Gaming,479,247972234,162,14600000,3644621239,9
Bolivia,Chuy Mine,@chuymine,Gaming,458,124907238,292,6140000,2550071003,10
Bosnia and Herzegovina,Nugato,@nugato,Gaming,531,18432770,120,715000,67528436,1
Bosnia and Herzegovina,MrBeast,@mrbeast,Entertainment,462,3230449132,20,415000000,90957106039,2
Bosnia and Herzegovina,IMPERIA,@bubacorellijalabratofficial,Music,455,99752257,23,2090000,5618920601,3
Bosnia and Herzegovina,KingsOfFailsShow,@kofs,Gaming,453,15489996,90,1560000,939917670,4
Bosnia and Herzegovina,Brawl Stars,@brawlstars,Gaming,409,373580052,41,25700000,4873772550,5
Bosnia and Herzegovina,Imperator FX,@imperatorfx,Gaming,385,10432347,193,1910000,1546499093,6
Bosnia and Herzegovina,HCL.hr,@hclgamingportal,Gaming,380,3513460,105,638000,327846741,7
Bosnia and Herzegovina,Generacija Zed,@generacijazed,Music,375,29631450,15,1090000,2360019307,8
Bosnia and Herzegovina,Crni Cerak TV,@crnicerak.darkside,Music,358,17749762,15,295000,380892961,9
Bosnia and Herzegovina,Rage,@ragejeziv,Gaming,355,6590596,159,295000,190697184,10
Brazil,Jazzghost,@jazzghost,Gaming,992,384951795,323,24200000,11206029767,1
Brazil,Emilly Vick,@emillyvickof,Science & Technology,837,531419147,185,27500000,16402061369,2
Brazil,ProbIems,@problemsyt,Gaming,809,137599554,368,12300000,9747995334,3
Brazil,CazéTV,@cazetv,Sports,802,636725595,260,27000000,7620217803,4
Brazil,Enaldinho,@enaldinho,Entertainment,732,162060330,83,46300000,24311006349,5
Brazil,ESPN Brasil,@espnbrasil,Sports,666,180734624,136,7470000,5466334711,6
Brazil,ge,@geglobo,Sports,655,201414001,179,6240000,3886639687,7
Brazil,Canal GOAT,@canalgoatbr,Sports,527,64502241,95,4540000,585782830,8
Brazil,TNT Sports Brasil,@tntsportsbr,Sports,454,152382992,73,12100000,3698068123,9
Brazil,MasterChef Brasil,@masterchefbrasiloficial,Entertainment,434,93194121,70,5700000,5183928557,10
Bulgaria,Alpha Music Bulgaria,@alphamusicbg,Music,696,37691434,23,398000,740239107,1
Bulgaria,Светът на Ванката,@vankata,Comedy,627,18537717,31,1130000,668904964,2
Bulgaria,Мъци,@m.p.svetoslavov,Entertainment,529,5479509,22,416000,210905949,3
Bulgaria,Brawl Stars,@brawlstars,Gaming,515,460857050,52,25700000,4873772550,4
Bulgaria,BV RECORDS,@bvrecords,Music,494,12306938,23,194000,224478705,5
Bulgaria,MrBeast,@mrbeast,Entertainment,442,3504183082,22,415000000,90635456119,6
Bulgaria,MEGA STAR,@megastarbg,Music,425,16974444,17,119000,180322862,7
Bulgaria,kartelarecords,@kartelarecords,Music,374,3204097,18,182000,195936932,8
Bulgaria,CRAZY GREAPA,@crazygreapa,Entertainment,372,1227361769,21,27600000,26544025562,9
Bulgaria,V:RGO,@virgogotsauce,Music,369,8539925,17,321000,335596408,10
Cambodia,CRAZY GREAPA,@crazygreapa,Entertainment,507,1370209776,26,27600000,26544025562,1
Cambodia,ISSEI / いっせい,@issei0806,Entertainment,491,1626274447,27,64300000,51180876097,2
Cambodia,BEN EAGLE,@beneagleofficial,Entertainment,425,921867760,24,44000000,28421036233,3
Cambodia,Pich Solikah,@pichsolikah5947,Music,394,21404584,14,211000,247933202,4
Cambodia,That Little Puff,@thatlittlepuff,Pets & Animals,362,853915493,18,36800000,32205308415,5
Cambodia,Galaxy Navatra KH,@galaxynavatrakh,Entertainment,355,30114451,17,1730000,805476061,6
Cambodia,Vk - វីខេ,@brovkgaming168,Gaming,355,7916209,90,239000,62735766,7
Cambodia,Selena Gaming,@selenagaming1,Gaming,354,10756953,78,1700000,611355896,8
Cambodia,Chheang Zenya,@chheangzenya,Gaming,353,4756004,111,502000,176427230,9
Cambodia,Tep Piseth,@tpsv9.17,Music,351,28724586,21,473000,354528346,10
Canada,Netflix,@netflix,Entertainment,395,302437210,157,33500000,11329778322,1
Canada,Foltyn,@foltynfamily,Gaming,391,248715395,284,12300000,4206223213,2
Canada,CaylusBlox,@caylusblox,Gaming,382,322964318,328,10800000,3378498070,3
Canada,Cash,@cashminecraft,Entertainment,358,97164718,286,11300000,3672046981,4
Canada,CaseOh,@caseoh_,Gaming,350,119580686,331,10700000,2397006432,5
Canada,HYBE LABELS,@hybelabels,Music,343,683552726,100,81900000,47054602165,6
Canada,NFL,@nfl,Sports,336,232685340,67,14500000,12079698554,7
Canada,Dash Roblox,@daashr,Gaming,315,56715948,302,1510000,964283733,8
Canada,Brawl Stars,@brawlstars,Gaming,314,465624246,74,25700000,4873772550,9
Canada,Flamingo,@flamingo,Gaming,312,137817805,147,14600000,12640249094,10
Chile,Fede Vigevani,@fedevigevani,Entertainment,684,419858014,38,73000000,24854360755,1
Chile,ESPN Fans,@espnfans,Sports,585,152192267,66,8010000,6227885047,2
Chile,HYBE LABELS,@hybelabels,Music,530,695260859,92,81900000,47054602165,3
Chile,Brawl Stars,@brawlstars,Gaming,524,481863369,71,25700000,4873772550,4
Chile,Rubius Z,@elrubius,Gaming,434,246400477,162,14600000,3644621239,5
Chile,Luisito Comunica,@luisitocomunica,Entertainment,427,157378944,21,44900000,10926415703,6
Chile,MrBeast,@mrbeast,Entertainment,411,1991163082,18,415000000,90957106039,7
Chile,Chuy Mine,@chuymine,Gaming,405,116410274,298,6140000,2550071003,8
Chile,Más SKabeche,@masskabeche,Entertainment,403,37292590,20,13600000,3810258411,9
Chile,RobleisIUTU,@robleisiutu,Gaming,401,78596214,174,20300000,7065971940,10
Colombia,Fede Vigevani,@fedevigevani,Entertainment,728,421689989,38,73000000,24854360755,1
Colombia,ESPN Fans,@espnfans,Sports,602,152350545,65,8010000,6227885047,2
Colombia,HYBE LABELS,@hybelabels,Music,538,694005317,90,81900000,47054602165,3
Colombia,Brawl Stars,@brawlstars,Gaming,533,462388347,69,25700000,4873772550,4
Colombia,Luisito Comunica,@luisitocomunica,Entertainment,471,160154047,21,44900000,10926415703,5
Colombia,MrBeast,@mrbeast,Entertainment,449,2018435987,18,415000000,90957106039,6
Colombia,Chuy Mine,@chuymine,Gaming,436,122135446,316,6140000,2550071003,7
Colombia,Más SKabeche,@masskabeche,Entertainment,428,37444410,20,13600000,3810258411,8
Colombia,Rubius Z,@elrubius,Gaming,423,242781852,162,14600000,3644621239,9
Colombia,RDjavi,@rdjaviii,Gaming,415,100322259,51,6330000,1002532658,10
Costa Rica,Fede Vigevani,@fedevigevani,Entertainment,816,429568252,38,73200000,25048995966,1
Costa Rica,Brawl Stars,@brawlstars,Gaming,768,556321867,69,25700000,4873772550,2
Costa Rica,HYBE LABELS,@hybelabels,Music,664,663359960,39,81900000,47054602165,3
Costa Rica,RDjavi,@rdjaviii,Gaming,615,120183600,51,6340000,1002532658,4
Costa Rica,Luisito Comunica,@luisitocomunica,Entertainment,593,165327566,21,44900000,10926415703,5
Costa Rica,MrBeast,@mrbeast,Entertainment,562,2228648166,19,415000000,90957106039,6
Costa Rica,ESPN Fans,@espnfans,Sports,542,113197223,32,8010000,6227885047,7
Costa Rica,Más SKabeche,@masskabeche,Entertainment,533,38371810,20,13600000,3810258411,8
Costa Rica,Juan De Dios Pantoja,@juandediospantojaa,People & Blogs,503,109464281,16,51600000,7782133656,9
Costa Rica,RobleisIUTU,@robleisiutu,Gaming,498,79768646,149,20300000,7065971940,10
Croatia,Nugato,@nugato,Gaming,614,22149443,149,715000,67528436,1
Croatia,MrBeast,@mrbeast,Entertainment,514,3652046685,22,415000000,90635456119,2
Croatia,Brawl Stars,@brawlstars,Gaming,482,432681360,49,25700000,4873772550,3
Croatia,KingsOfFailsShow,@kofs,Gaming,452,15279200,88,1560000,939917670,4
Croatia,Marko Perković Thompson,@mpthompson,Music,407,13692660,18,226000,201485747,5
Croatia,Generacija Zed,@generacijazed,Music,404,32530147,16,1090000,2360019307,6
Croatia,HCL.hr,@hclgamingportal,Gaming,383,3944047,127,638000,327846741,7
Croatia,Imperator FX,@imperatorfx,Gaming,377,9582834,165,1910000,1546499093,8
Croatia,Red Bull,@redbull,Sports,371,732544293,21,24000000,19456483511,9
Croatia,IMPERIA,@bubacorellijalabratofficial,Music,366,100641641,19,2090000,5596285752,10
Cyprus,MrBeast,@mrbeast,Entertainment,765,4868250659,35,415000000,90957106039,1
Cyprus,Celine Dept,@celinedept,Sports,712,2064289061,47,50400000,41625418829,2
Cyprus,Uzak Şehir,@uzaksehirdizi,Entertainment,655,237135413,37,2610000,1606365734,3
Cyprus,Brawl Stars,@brawlstars,Gaming,632,466841177,48,25700000,4873772550,4
Cyprus,ISSEI / いっせい,@issei0806,Entertainment,613,1990965096,33,64300000,51180876097,5
Cyprus,Leyla: Hayat...Aşk...Adalet...,@leyladizi,Entertainment,612,145490102,27,1310000,836466532,6
Cyprus,Andrey Grechka,@andrey.grechka,Entertainment,562,1450672311,32,25500000,26072716528,7
Cyprus,Kızılcık Şerbeti,@kizilcikserbetidizi,Entertainment,533,253691942,29,2680000,3105088597,8
Cyprus,Stokes Twins,@stokestwins,People & Blogs,527,2242224631,19,128000000,24217640536,9
Cyprus,Sahipsizler,@sahipsizlerdizi,Entertainment,521,242579076,25,2570000,1328145920,10
Czechia,MrBeast,@mrbeast,Entertainment,459,3180617351,19,415000000,90957106039,1
Czechia,Taky Bige,@takybige,People & Blogs,449,5572656,64,426000,302635138,2
Czechia,HouseBox,@houseboxcz,Gaming,439,12331151,114,1310000,951650297,3
Czechia,Brawl Stars,@brawlstars,Gaming,425,385073545,46,25700000,4873772550,4
Czechia,AlkanExtra,@alkanextra,Gaming,417,3211775,117,210000,68623535,5
Czechia,FIZIstyle,@fizistyle,Entertainment,414,12831491,21,6970000,1893449319,6
Czechia,Alkanhraje,@alkanhraje,Gaming,399,5704113,143,507000,409095584,7
Czechia,RiZiPlaysTV,@riziplaystv,Gaming,383,9848808,101,1030000,1115672217,8
Czechia,Hejlovec,@hejlovec,Gaming,360,2615408,77,427000,141064456,9
Czechia,HouseBlox,@housebox2,Gaming,355,9994567,120,227000,93972237,10
Denmark,MrBeast,@mrbeast,Entertainment,680,4512129427,33,415000000,90957106039,1
Denmark,MoreSidemen,@moresidemen,People & Blogs,442,165503536,39,9730000,6179845271,2
Denmark,Mark Rober,@markrober,Science & Technology,429,958697186,20,69800000,13347464957,3
Denmark,Brawl Stars,@brawlstars,Gaming,402,380722837,46,25700000,4873772550,4
Denmark,Red Bull,@redbull,Sports,382,696352347,21,24000000,19456483511,5
Denmark,IShowSpeed,@ishowspeed,Gaming,358,434857323,31,57100000,9237303908,6
Denmark,CaylusBlox,@caylusblox,Gaming,355,213033037,103,10800000,3378498070,7
Denmark,Foltyn,@foltynfamily,Gaming,355,175486944,108,12300000,4206223213,8
Denmark,Thebausffs,@thebausffs,Gaming,355,55777770,124,1090000,658491779,9
Denmark,Willjum,@willjum,Gaming,355,43855758,51,1960000,431220030,10
Dominican Republic,Fede Vigevani,@fedevigevani,Entertainment,804,425058013,38,73000000,24874475417,1
Dominican Republic,Luisito Comunica,@luisitocomunica,Entertainment,603,165574823,21,44900000,10926415703,2
Dominican Republic,MrBeast,@mrbeast,Entertainment,575,2233723179,19,415000000,90957106039,3
Dominican Republic,Brawl Stars,@brawlstars,Gaming,569,476429198,63,25700000,4873772550,4
Dominican Republic,ElAlfaElJefeTV,@elalfaeljefetv,Music,560,96930057,38,11400000,7426256785,5
Dominican Republic,RDjavi,@rdjaviii,Gaming,524,113409471,65,6340000,1002532658,6
Dominican Republic,Juan De Dios Pantoja,@juandediospantojaa,People & Blogs,513,110205028,16,51600000,7782133656,7
Dominican Republic,Rochy RD,@rochyrd,Music,500,43685553,48,6460000,3423135690,8
Dominican Republic,Rubius Z,@elrubius,Gaming,483,245406360,161,14600000,3644621239,9
Dominican Republic,HYBE LABELS,@hybelabels,Music,477,501459452,38,81900000,47054602165,10
Ecuador,Fede Vigevani,@fedevigevani,Entertainment,760,423803046,38,73000000,24874475417,1
Ecuador,ESPN Fans,@espnfans,Sports,650,153506763,66,8010000,6227885047,2
Ecuador,HYBE LABELS,@hybelabels,Music,601,716931335,79,81900000,47054602165,3
Ecuador,Brawl Stars,@brawlstars,Gaming,558,468309350,68,25700000,4873772550,4
Ecuador,Luisito Comunica,@luisitocomunica,Entertainment,514,162358044,21,44900000,10926415703,5
Ecuador,MrBeast,@mrbeast,Entertainment,499,2073916537,18,415000000,90957106039,6
Ecuador,Más SKabeche,@masskabeche,Entertainment,466,37828401,20,13600000,3810258411,7
Ecuador,Chuy Mine,@chuymine,Gaming,448,122889627,311,6140000,2550071003,8
Ecuador,Rubius Z,@elrubius,Gaming,442,245372830,162,14600000,3644621239,9
Ecuador,Juan De Dios Pantoja,@juandediospantojaa,People & Blogs,438,106460685,16,51600000,7782133656,10
Egypt,تجارب اسراء - Esraa Nabil,@esraanabil2,People & Blogs,698,51454924,24,3880000,675892554,1
Egypt,beIN SPORTS,@beinsports,Sports,661,195964291,59,14300000,2333986858,2
Egypt,مصطفى GAME OVER,@mustafago,Gaming,646,82879912,179,12900000,4673324075,3
Egypt,صالح - oPiiLz,@opiilz,Entertainment,602,62228668,70,10300000,3090001773,4
Egypt,عصام صاصا - Essam Saasa,@esamsassa,Music,510,81917140,33,5780000,2510446671,5
Egypt,Peace Cake,@peacecake,Comedy,466,18077634,15,2740000,838232296,6
Egypt,بسطتهالك,@mohamedsalah.bassthalk,Education,451,32741341,30,4650000,378252524,7
Egypt,Brawl Stars,@brawlstars,Gaming,449,416415312,62,25700000,4873772550,8
Egypt,Narins Beauty,@narobeauty,Entertainment,423,68391504,14,16500000,2663431497,9
Egypt,SSC TV,@saudisportscompany,Sports,402,73109325,39,1460000,353740867,10
El Salvador,MrBeast,@mrbeast,Entertainment,563,3648051683,23,415000000,90957106039,1
El Salvador,GONZOK,@elgonzok,Entertainment,511,347812816,22,21400000,6112746532,2
El Salvador,Stokes Twins,@stokestwins,People & Blogs,504,2179188405,17,128000000,24217640536,3
El Salvador,El Mundo De Boggs,@elmundodeboggs,People & Blogs,453,225881647,19,4420000,3364961249,4
El Salvador,Karla Bustillos,@karlabustillos,Entertainment,452,215278993,18,43000000,12170582160,5
El Salvador,Lyna,@lyna,Gaming,434,129149418,142,25100000,11567929759,6
El Salvador,Brawl Stars,@brawlstars,Gaming,408,362949133,44,25700000,4873772550,7
El Salvador,MrBeast Gaming,@mrbeastgaming,Gaming,355,571361287,25,58300000,11312421126,8
El Salvador,Dagar,@dagar-minecraft,Gaming,355,195671751,150,6080000,2657626558,9
El Salvador,Nacho,@nacho-minecraft,Gaming,355,128044818,133,7700000,2205251752,10
Estonia,MoreSidemen,@moresidemen,People & Blogs,873,236077581,46,9730000,6179845271,1
Estonia,MrBeast,@mrbeast,Entertainment,813,4979951080,38,415000000,90957106039,2
Estonia,Sidemen,@sidemen,Entertainment,677,249435028,29,22400000,7137352416,3
Estonia,ExileShow,@exileshow,Entertainment,664,111411122,23,5640000,1037711494,4
Estonia,Brawl Stars,@brawlstars,Gaming,660,458603636,47,25700000,4873772550,5
Estonia,ISSEI / いっせい,@issei0806,Entertainment,658,1870359378,34,64300000,51180876097,6
Estonia,вДудь,@vdud,People & Blogs,599,77062569,23,10300000,2356904850,7
Estonia,Mark Rober,@markrober,Science & Technology,590,1097549380,23,69800000,13347464957,8
Estonia,Andrey Grechka,@andrey.grechka,Entertainment,553,1138342011,25,25400000,25806708935,9
Estonia,TheBrianMaps,@thebrianmaps,Entertainment,521,65486034,18,18300000,5141142743,10
Finland,MrBeast,@mrbeast,Entertainment,535,3830029360,26,415000000,90957106039,1
Finland,Lakko,@codtupakkalakko,Gaming,527,8577270,43,976000,594593881,2
Finland,Brawl Stars,@brawlstars,Gaming,484,414763754,50,25700000,4873772550,3
Finland,Victoria Pfeifer,@victoriapfeifer,Comedy,422,528304552,21,4540000,5915840130,4
Finland,Roni Back,@roniback,Entertainment,416,6231439,26,693000,588233404,5
Finland,IShowSpeed,@ishowspeed,Gaming,366,454284346,33,57100000,9237303908,6
Finland,Mark Rober,@markrober,Science & Technology,363,820778031,15,69800000,13347464957,7
Finland,Red Bull,@redbull,Sports,363,670599280,23,24000000,19456483511,8
Finland,Thebausffs,@thebausffs,Gaming,355,56655242,128,1090000,658491779,9
Finland,Spookston,@spookston,Gaming,355,30719294,120,665000,452433623,10
France,Mcfly et Carlito,@lefatshow,Entertainment,553,88526157,47,7550000,2700696058,1
France,CANAL+ Sport,@canalplussport,Sports,511,63475793,80,1730000,1455237122,2
France,beIN SPORTS France,@beinsportsfrance,Sports,500,42593580,52,2630000,2005972959,3
France,FilmsActu,@filmsactu,Film & Animation,466,22726727,235,5000000,3632823901,4
France,L' immigré parisien,@limmigreparisien,Sports,428,83277371,122,2190000,467744037,5
France,HYBE LABELS,@hybelabels,Music,374,644980916,100,81900000,47054602165,6
France,Ninjaxx,@ninjaxx,Gaming,372,24240330,162,1860000,1022981073,7
France,Brawl Stars,@brawlstars,Gaming,371,452101331,68,25700000,4873772550,8
France,Teeqzy,@teeqzy,Gaming,367,19272715,343,2020000,399128593,9
France,Julien Chièze,@julienchieze,Gaming,363,9938659,289,938000,513441785,10
Georgia,MrBeast,@mrbeast,Entertainment,496,3668917103,23,415000000,90635456119,1
Georgia,Brawl Stars,@brawlstars,Gaming,436,393361150,45,25700000,4873772550,2
Georgia,ISSEI / いっせい,@issei0806,Entertainment,403,1541326635,22,64300000,51180876097,3
Georgia,CRAZY GREAPA,@crazygreapa,Entertainment,376,1149129516,20,27600000,26544025562,4
Georgia,Celine Dept,@celinedept,Sports,368,1317814494,23,50400000,41625418829,5
Georgia,Stokes Twins,@stokestwins,People & Blogs,356,1962510302,15,128000000,24217640536,6
Georgia,MrBeast Gaming,@mrbeastgaming,Gaming,355,560100982,25,58300000,11312421126,7
Georgia,Foltyn,@foltynfamily,Gaming,355,142014636,76,12300000,4206223213,8
Georgia,MrLololoshka (Роман Фильченков),@mrlololoshka,Gaming,355,86266692,118,11400000,5618592995,9
Georgia,EdisonPts,@edisonpts,Gaming,355,62967676,121,17200000,8854128264,10
Germany,sportstudio fußball,@sportstudiofussball,Sports,557,55613215,85,711000,1166051067,1
Germany,Trymacs,@trymacs,Gaming,425,29702803,260,2530000,1594375494,2
Germany,Gronkh,@gronkh,Gaming,404,12962264,346,5040000,4104374479,3
Germany,Brawl Stars,@brawlstars,Gaming,398,510491680,78,25700000,4873772550,4
Germany,Benx,@benx,Gaming,389,21665509,324,2290000,3250337363,5
Germany,Halle77 Dortmund,@halle77,Autos & Vehicles,385,12499308,43,550000,342061517,6
Germany,GameStar,@gamestar,Gaming,376,19160876,298,1590000,1645560379,7
Germany,Standart Skill,@standartskill,Gaming,374,44811524,326,3790000,2333859014,8
Germany,LumeXx,@lumexx.official,Gaming,369,16744206,267,1290000,703817313,9
Germany,Noway4u,@noway4u,Gaming,368,6900724,329,273000,253203528,10
Ghana,NollyFamily tv,@nollyfamilytv,Entertainment,586,34737573,23,1430000,305945820,1
Ghana,Omoni Oboli TV,@omoniobolitv,Entertainment,521,60435768,21,1320000,271356023,2
Ghana,BlackSherifVEVO,@blacksherifvevo5369,Music,508,19915513,20,561,96233000,3
Ghana,Shatta Wale,@shattawalegh,Music,494,8337601,42,1430000,410219664,4
Ghana,MrBeast Gaming,@mrbeastgaming,Gaming,355,558723110,25,58300000,11312421126,5
Ghana,S2G,@s2g,Gaming,355,50861643,93,2530000,1095214291,6
Ghana,MoreS2G,@mores2g,Gaming,355,33366711,101,756000,214804960,7
Ghana,Chinemelu's Channel,@chinemelutv,Film & Animation,354,26472297,12,893000,131585550,8
Ghana,SamSpedy,@samspedy,Comedy,352,38985032,16,4090000,1492960824,9
Ghana,Uche Nancy tv,@uchenancytv,People & Blogs,347,21694977,14,2040000,422241949,10
Greece,PanikRecordsTube,@panikrecordstube,Music,616,24081627,34,1480000,2830405209,1
Greece,Javou,@javou,Gaming,559,7206341,93,307000,236184234,2
Greece,Unboxholics,@unboxholics,Entertainment,453,7906026,35,1120000,512881552,3
Greece,Brawl Stars,@brawlstars,Gaming,425,393632460,46,25700000,4873772550,4
Greece,MrBeast,@mrbeast,Entertainment,424,3391676571,22,415000000,90635456119,5
Greece,ItsOnlySkillz,@itsonlyskillz,Gaming,402,9587363,75,830000,398638151,6
Greece,Thebausffs,@thebausffs,Gaming,355,59282074,136,1090000,658491779,7
Greece,Gunzar,@gunzar,Gaming,355,13605122,116,541000,178966103,8
Greece,CooLiz Games,@coolizgames,Gaming,355,1953040,90,118000,68388339,9
Greece,ANTILIPSI,@antilipsi,Gaming,354,806639,144,51300,29572471,10
Guatemala,Fede Vigevani,@fedevigevani,Entertainment,775,425168110,38,73000000,24891543053,1
Guatemala,Brawl Stars,@brawlstars,Gaming,604,510032610,70,25700000,4873772550,2
Guatemala,HYBE LABELS,@hybelabels,Music,591,679988908,53,81900000,47054602165,3
Guatemala,Luisito Comunica,@luisitocomunica,Entertainment,557,164375635,21,44900000,10926415703,4
Guatemala,MrBeast,@mrbeast,Entertainment,539,2091086673,18,415000000,90957106039,5
Guatemala,ESPN Fans,@espnfans,Sports,511,114320121,34,8010000,6227885047,6
Guatemala,Más SKabeche,@masskabeche,Entertainment,508,38103522,20,13600000,3810258411,7
Guatemala,Release - Topic,,Music,485,30165898,82,4710,9583390,8
Guatemala,Rubius Z,@elrubius,Gaming,474,247103430,161,14600000,3644621239,9
Guatemala,Juan De Dios Pantoja,@juandediospantojaa,People & Blogs,465,107501702,16,51600000,7782133656,10
Honduras,Fede Vigevani,@fedevigevani,Entertainment,811,428098207,38,73100000,24911170844,1
Honduras,Brawl Stars,@brawlstars,Gaming,671,532657036,66,25700000,4873772550,2
Honduras,HYBE LABELS,@hybelabels,Music,610,594635034,38,81900000,47054602165,3
Honduras,Luisito Comunica,@luisitocomunica,Entertainment,598,165436489,21,44900000,10926415703,4
Honduras,MrBeast,@mrbeast,Entertainment,566,2229635796,19,415000000,90957106039,5
Honduras,RDjavi,@rdjaviii,Gaming,558,116850870,51,6340000,1002532658,6
Honduras,ESPN Fans,@espnfans,Sports,554,116776884,36,8010000,6227885047,7
Honduras,Juan De Dios Pantoja,@juandediospantojaa,People & Blogs,509,110170412,16,51600000,7782133656,8
Honduras,Rubius Z,@elrubius,Gaming,503,248839820,161,14600000,3644621239,9
Honduras,E-MasterSensei,@e_mastersensei,Gaming,490,55063178,89,20200000,5662997673,10
Hong Kong,MIRROR,@mirrorweare,Music,764,39051340,50,443000,962277289,1
Hong Kong,HYBE LABELS,@hybelabels,Music,504,704711416,49,81900000,47054602165,2
Hong Kong,五件小事,@wujianxiaoshi,Entertainment,501,67602561,31,1060000,809404403,3
Hong Kong,老高與小茉 Mr & Mrs Gao,@laogao,Entertainment,460,62187625,21,6630000,2281853837,4
Hong Kong,SMTOWN,@smtown,Music,387,387996087,31,33700000,33928976378,5
Hong Kong,TVB  綜藝,@tvb_variety,Entertainment,371,10945417,20,433000,397143058,6
Hong Kong,李先生Mr. Lee,@06-pg4gc,People & Blogs,369,33383374,22,191000,504981838,7
Hong Kong,MC 張天賦,@mccheungtinfu,Music,356,11578762,17,313000,544335574,8
Hong Kong,有感筆電 Daptoper,@daptoper,Gaming,355,25867835,76,1760000,912874464,9
Hong Kong,Stanley 史丹利,@stanleyslol,Gaming,355,20997115,221,517000,811855183,10
Hungary,Sajt32,@sajt32,Gaming,716,5232348,100,591000,492213130,1
Hungary,Astro Music,@astromusicgroup,Music,694,26834048,35,128000,151143945,2
Hungary,Cresser,@cresser,Entertainment,488,7497149,25,1030000,497432261,3
Hungary,MrBeast,@mrbeast,Entertainment,480,3262209386,21,415000000,90957106039,4
Hungary,Alex Studio Production,@alexstudioproduction,Music,470,7095368,28,277000,446586314,5
Hungary,TheVR Gaming+,@wearethevr,Gaming,464,10821469,79,619000,539504275,6
Hungary,Brawl Stars,@brawlstars,Gaming,447,412851736,49,25700000,4873772550,7
Hungary,Nessaj Gaming,@nessajgaming,Gaming,429,6396545,80,461000,209825030,8
Hungary,Partizán,partizanmedia,News & Politics,413,14673964,48,577000,258346111,9
Hungary,Alex Csigér,@alexcsiger,Entertainment,404,7985982,20,1160000,580821479,10
Iceland,MoreSidemen,@moresidemen,People & Blogs,1130,277289277,57,9730000,6179845271,1
Iceland,MrBeast,@mrbeast,Entertainment,846,5421605566,51,415000000,90957106039,2
Iceland,Sidemen,@sidemen,Entertainment,846,313333061,40,22400000,7137352416,3
Iceland,Jordan Matter,@jordanmatter,Entertainment,715,429723982,28,30800000,11563444862,4
Iceland,The United Stand,@unitedstand,Sports,706,58643632,151,2120000,1610273220,5
Iceland,IShowSpeed,@ishowspeed,Gaming,699,644279896,69,57100000,9237303908,6
Iceland,Zack D. Films,@zackdfilms,Travel & Events,678,805546212,31,22300000,43023283938,7
Iceland,Ryan Trahan,@ryan,Entertainment,633,250199819,21,21100000,5073772885,8
Iceland,Mark Rober,@markrober,Science & Technology,618,1053169892,24,69300000,12914091935,9
Iceland,The Daily Show,@thedailyshow,Comedy,598,197258331,29,12800000,7544179080,10
India,Sourav Joshi Vlogs,@souravjoshivlogs7028,People & Blogs,833,1302874348,283,34700000,17866372615,1
India,Vijay Television,@vijaytelevision,Entertainment,831,956967703,481,27400000,53046803209,2
India,Sony SAB,@sonysab,Entertainment,752,709587055,335,105000000,140127257786,3
India,Sun TV,@suntv,Entertainment,737,498833627,459,32300000,43084430249,4
India,Zee Tamil,@zeetamil,Entertainment,671,277664599,359,16900000,16408581998,5
India,T-Series,@tseries,Music,519,1704169448,185,313000000,348663253146,6
India,Sidharrth TV,@officialsidharthtv,Entertainment,510,160720791,292,9950000,8512605634,7
India,Vj Siddhu Vlogs,@vjsiddhuvlog,People & Blogs,427,290158818,130,4970000,1351378801,8
India,HUM TV,@humtv,Entertainment,399,1223928539,163,50600000,44504966175,9
India,Carry Depie,@carrydepie,Gaming,386,224241636,245,4530000,2300090785,10
Indonesia,Windah Basudara,@windahbasudara,Gaming,987,212665265,323,20100000,5580592209,1
Indonesia,Dhot Design,@dhot,Film & Animation,846,930706131,130,17600000,3657112715,2
Indonesia,WARINTIL OFFICIAL,@warintil.official,Comedy,832,242174581,89,12500000,6578399829,3
Indonesia,Sptrakori_Official,@sptrakori_,People & Blogs,700,194771181,125,10100000,4634855648,4
Indonesia,Nadia Omara,@nadiaomaraa,Entertainment,688,166045659,44,12700000,2855703053,5
Indonesia,HYBE LABELS,@hybelabels,Music,563,692928127,100,81900000,47054602165,6
Indonesia,MPL Indonesia,@mplindonesia,Gaming,558,549115865,182,7820000,3945291693,7
Indonesia,Dasi Gantung,@dasigantung,Entertainment,554,39347466,27,5380000,837636102,8
Indonesia,dika_ bj,@mama_lela_series,People & Blogs,534,131951219,26,6650000,3175851877,9
Indonesia,SMTOWN,@smtown,Music,523,410643634,74,33700000,33906432296,10
Iraq,مستر جيجي Mr GG,@mr_gg,Gaming,1046,97877420,182,5740000,2326745964,1
Iraq,رانيا كيمنك Rania Gaming,@rania_gaming,Gaming,927,80274567,144,5250000,2315377701,2
Iraq,تجارب اسراء - Esraa Nabil,@esraanabil2,People & Blogs,694,51454924,24,3880000,675892554,3
Iraq,مصطفى GAME OVER,@mustafago,Gaming,684,85905806,181,12900000,4673324075,4
Iraq,beIN SPORTS,@beinsports,Sports,662,195481889,58,14300000,2333986858,5
Iraq,صالح - oPiiLz,@opiilz,Entertainment,601,62334831,71,10200000,3089533372,6
Iraq,The wonder roby (‫روبي الخارقه‬‎),@thewonderroby,Film & Animation,566,21524126,22,1290000,518637330,7
Iraq,يوميات كارتونية,@y_c86,Comedy,471,24823619,15,4520000,1210475250,8
Iraq,Peace Cake,@peacecake,Comedy,466,18077634,15,2740000,838232296,9
Iraq,العاب يوميات واحد كيمري - Gaming one daily,@gamingonedaily,Gaming,465,37327700,40,6210000,1124161898,10
Ireland,MoreSidemen,@moresidemen,People & Blogs,739,225772249,45,9730000,6179845271,1
Ireland,MrBeast,@mrbeast,Entertainment,451,3204937949,23,415000000,90957106039,2
Ireland,Red Bull,@redbull,Sports,402,728399330,21,24000000,19456483511,3
Ireland,CaylusBlox,@caylusblox,Gaming,388,265889674,124,10800000,3378498070,4
Ireland,Netflix,@netflix,Entertainment,383,206179992,55,33500000,11329778322,5
Ireland,Universal Pictures,@universalpictures,Entertainment,376,306438173,22,11100000,8417699595,6
Ireland,KreekCraft,@kreekcraft,Gaming,360,111448145,101,17200000,7469102841,7
Ireland,IShowSpeed,@ishowspeed,Gaming,356,413554386,30,57100000,9237303908,8
Ireland,SMii7Y,@smii7y,Gaming,355,136371510,72,8840000,3708103587,9
Ireland,Danny Aarons,@dannyaarons,Gaming,355,13665387,99,1940000,1216063033,10
Israel,כאן 11 - תאגיד השידור הישראלי,@kan11,Entertainment,598,31079454,31,1020000,1356470627,1
Israel,MrBeast,@mrbeast,Entertainment,545,4092961951,28,415000000,90957106039,2
Israel,Brawl Stars,@brawlstars,Gaming,542,452340516,52,25700000,4873772550,3
Israel,Release - Topic,,Music,485,6607696,45,335,5988653,4
Israel,Osher Cohen Music,@officialoshercohen,Music,399,30136624,15,365000,990574387,5
Israel,בן צור הערוץ הרשמי,@ben_zur,Music,396,18332957,19,125000,213001653,6
Israel,EyalGolanOfficial,@eyalgolanofficial,Music,392,14154167,19,1450000,2831137281,7
Israel,איתי לוי - הערוץ הרשמי,@levitayofficial,Music,368,23293493,17,568000,1153912781,8
Israel,עדן בן זקן - הערוץ הרשמי,@edenbenzakenofficial,Music,368,16941250,17,872000,1179110535,9
Israel,Ahmad GTA Family - عائلة احمد قراند,@ahmadgtafamily-,People & Blogs,355,46281168,155,1800000,950220456,10
Italy,LorenzIST,@lorenzist,Gaming,408,18874355,188,2240000,1040058600,1
Italy,Kendal,@kendalyt,Gaming,405,21952924,255,2160000,2189933243,2
Italy,Grax,@grax,Gaming,405,14975401,271,2080000,786501903,3
Italy,MikeShowSha,@mikeshowsha,Gaming,403,21385598,161,3630000,2158957393,4
Italy,FavijTV,@favijtv,Gaming,369,13006140,148,6720000,4471487674,5
Italy,Er DT,@erdt,Gaming,363,14991878,132,1350000,759315290,6
Italy,TPOC exe,@tpoc,Gaming,362,7100411,217,1900000,1833607281,7
Italy,Two Players One Console,@twoplayersoneconsoleyt,Gaming,362,6709917,185,2930000,3250660550,8
Italy,Surry And Chill,@surryandchill,Gaming,361,7438999,343,383000,111778126,9
Italy,Zeyxon24,@zeyxon24,Gaming,360,6312264,246,358000,227682921,10
Jamaica,ChronicLawVEVO,@chroniclawvevo870,Music,890,36842512,57,391000,1351807594,1
Jamaica,VybzKartelVEVO,@vybzkartelvevo,Music,627,53448457,38,629000,1910079002,2
Jamaica,TommyLeeSpartaVEVO,@tommyleespartavevo,Music,580,20742213,30,196000,737157456,3
Jamaica,MrBeast,@mrbeast,Entertainment,526,3614075488,24,415000000,90957106039,4
Jamaica,JamalOfficialVEVO,@jamalofficialvevo427,Music,521,20867257,20,269000,127237538,5
Jamaica,RajahWildVEVO,@rajahwildofficialvevo,Music,509,14438682,25,11300,272463593,6
Jamaica,AlkalineVEVO,@alkalinevevo,Music,481,14925074,25,790000,1581265205,7
Jamaica,Stokes Twins,@stokestwins,People & Blogs,448,2093221607,16,128000000,24217640536,8
Jamaica,SquashVEVO,@squashvevo,Music,418,17308870,17,721000,691938623,9
Jamaica,AdofoVEVO,@adofovevo7510,Music,377,5728995,16,68500,17314199,10
Japan,THE FIRST TAKE,@the_firsttake,Music,549,166382128,122,12200000,7213459286,1
Japan,HYBE LABELS,@hybelabels,Music,425,702932879,111,81900000,47054602165,2
Japan,BE:FIRST Official,@befirst_official,Music,417,60317069,89,476000,1241525250,3
Japan,らっだぁ,@radaooo,Gaming,399,49161992,160,1500000,2034856926,4
Japan,牛沢,@uszw,Gaming,388,41169288,239,1840000,2835414171,5
Japan,Kuzuha Channel,@kuzuha,Gaming,377,83590628,209,2190000,1733617669,6
Japan,モンスト（モンスターストライク）公式,@monsterstrike,Gaming,368,61233624,118,1560000,1257275251,7
Japan,ROF-MAO / ろふまおチャンネル【にじさんじ】,@rofmao,Entertainment,365,19036116,33,1340000,729496101,8
Japan,キヨ。,@kiyoisgod,Gaming,351,117827795,100,5700000,6939108684,9
Japan,令和ちゃんねる,@令和ちゃんねる,Gaming,342,19892924,306,545000,489260152,10
Jordan,مستر جيجي Mr GG,@mr_gg,Gaming,1047,93031071,162,5740000,2326745964,1
Jordan,رانيا كيمنك Rania Gaming,@rania_gaming,Gaming,887,72236326,112,5250000,2314006494,2
Jordan,صالح - oPiiLz,@opiilz,Entertainment,709,66814168,72,10300000,3091947315,3
Jordan,تجارب اسراء - Esraa Nabil,@esraanabil2,People & Blogs,698,51454924,24,3880000,675892554,4
Jordan,مصطفى GAME OVER,@mustafago,Gaming,695,85857772,179,12900000,4673324075,5
Jordan,beIN SPORTS,@beinsports,Sports,653,195196101,57,14300000,2333986858,6
Jordan,عصام صاصا - Essam Saasa,@esamsassa,Music,624,93692133,28,5770000,2510446671,7
Jordan,Brawl Stars,@brawlstars,Gaming,599,482912708,60,25700000,4873772550,8
Jordan,The wonder roby (‫روبي الخارقه‬‎),@thewonderroby,Film & Animation,566,21524126,22,1290000,518637330,9
Jordan,Nasser HD,@nasser_hd,Gaming,486,25726596,42,1700000,413378992,10
Kazakhstan,i_roblox_queen,@i_roblox_queen725,Gaming,471,135836061,80,10900000,5496294998,1
Kazakhstan,ГЛЕНТ,@glentyoutube,Gaming,448,89644584,71,24900000,6014206779,2
Kazakhstan,MrBeast,@mrbeast,Entertainment,380,3068761188,19,415000000,90814739223,3
Kazakhstan,MrLololoshka (Роман Фильченков),@mrlololoshka,Gaming,355,110307877,132,11400000,5618592995,4
Kazakhstan,EdisonPts,@edisonpts,Gaming,355,88567369,165,17200000,8854128264,5
Kazakhstan,Компот,@compot,Gaming,355,88046057,193,17500000,11342499500,6
Kazakhstan,EroxBlox,@eroxbloxjust,Gaming,355,79220740,143,1420000,441172610,7
Kazakhstan,ВЛАДУС,@vladus,Gaming,355,54952263,95,11000000,4169437674,8
Kazakhstan,ВЛАДУС ИГРАЕТ,@vladusgame,Gaming,355,53726845,82,6000000,2638151043,9
Kazakhstan,Family Play TV,@familyplaytv,Gaming,355,27544117,90,4160000,2078868288,10
Kenya,SamSpedy,@samspedy,Comedy,622,58477136,27,4090000,1492960824,1
Kenya,Alex Kasau Katombi,@alexkasaukatombi,Music,533,8393289,25,719000,174993619,2
Kenya,Stephen Kasolo Official,@stephenkasolo,Music,475,6224429,40,975000,207767638,3
Kenya,Zuchu,@officialzuchu,Music,421,40805624,19,4740000,1186835295,4
Kenya,MrBeast,@mrbeast,Entertainment,401,3178005172,25,415000000,90957106039,5
Kenya,Mbosso,@mbossokhan,Music,392,50606753,18,4210000,1187849924,6
Kenya,MariooOfficial,@mariooofficialmusic,Music,369,52918057,17,2370000,656939091,7
Kenya,Diamond Platnumz,@dplatnumz,Music,356,56277387,18,11600000,3728741805,8
Kenya,Foltyn,@foltynfamily,Gaming,355,200353325,133,12300000,4206223213,9
Kenya,Cash,@cash,Entertainment,355,76570149,156,11300000,3679174158,10
Kuwait,صالح - oPiiLz,@opiilz,Entertainment,744,67351088,70,10300000,3092856243,1
Kuwait,تجارب اسراء - Esraa Nabil,@esraanabil2,People & Blogs,697,51043735,23,3880000,675892554,2
Kuwait,Brawl Stars,@brawlstars,Gaming,665,466181500,49,25700000,4873772550,3
Kuwait,beIN SPORTS,@beinsports,Sports,629,195062571,56,14300000,2333986858,4
Kuwait,Nasser HD,@nasser_hd,Gaming,577,28382368,46,1700000,413378992,5
Kuwait,T-Series,@tseries,Music,566,1327639684,48,313000000,348663253146,6
Kuwait,The wonder roby (‫روبي الخارقه‬‎),@thewonderroby,Film & Animation,566,21487586,22,1290000,518637330,7
Kuwait,BanderitaX,@banderitax,Gaming,522,61090477,62,20900000,6747936190,8
Kuwait,Peace Cake,@peacecake,Comedy,466,18077634,15,2740000,838232296,9
Kuwait,mohammed oden,@mohammed-oden,Film & Animation,433,19133064,24,1490000,184394967,10
Laos,Stokes Twins,@stokestwins,People & Blogs,498,2198037708,20,128000000,24217640536,1
Laos,CRAZY GREAPA,@crazygreapa,Entertainment,447,1296985445,24,27600000,26544025562,2
Laos,MrBeast,@mrbeast,Entertainment,410,3078334784,18,415000000,90957106039,3
Laos,MTR Mysterios,@mtr9999,Gaming,403,16535980,66,4290000,1261374852,4
Laos,zbing z.,@zbingz,Gaming,398,48101106,99,21900000,12974571294,5
Laos,GRAMMY GOLD OFFICIAL,@grammygoldofficial,Music,394,83174124,25,22200000,28128029215,6
Laos,ISSEI / いっせい,@issei0806,Entertainment,392,1481808365,21,64200000,51064276600,7
Laos,กาย หงิด,@guyngid,Gaming,355,53898944,96,6530000,2535344959,8
Laos,OPZ TV,@opztv,Gaming,355,28084962,109,2650000,1687454523,9
Laos,TOR Torpedo,@tortorpedo702,Gaming,355,22345399,140,5610000,4609206594,10
Latvia,MrBeast,@mrbeast,Entertainment,651,4424345211,31,415000000,90957106039,1
Latvia,BalcevMMA_BOXING,@balcevmma_boxing,Sports,562,205325561,27,2660000,3764899885,2
Latvia,Brawl Stars,@brawlstars,Gaming,530,426956214,46,25700000,4873772550,3
Latvia,ГЛЕНТ,@glentyoutube,Gaming,514,92928909,69,24900000,6014206779,4
Latvia,ExileShow,@exileshow,Entertainment,509,109095822,23,5640000,1037711494,5
Latvia,вДудь,@vdud,People & Blogs,494,72588037,21,10300000,2356904850,6
Latvia,БЕЗУМНЫЙ СПОРТ,@bezumnii_sport,Sports,464,159829297,22,889000,1008713696,7
Latvia,ISSEI / いっせい,@issei0806,Entertainment,417,1285346963,21,64300000,51180876097,8
Latvia,Дима Масленников,@pognalishow,Entertainment,374,104283463,17,19000000,3037885816,9
Latvia,ИЛЬДАР АВТО-ПОДБОР,@ildarauto,Autos & Vehicles,356,52534856,19,5530000,1822867417,10
Lebanon,مستر جيجي Mr GG,@mr_gg,Gaming,1050,77949753,122,5740000,2326745964,1
Lebanon,رانيا كيمنك Rania Gaming,@rania_gaming,Gaming,874,59455594,82,5250000,2315377701,2
Lebanon,تجارب اسراء - Esraa Nabil,@esraanabil2,People & Blogs,698,51455123,24,3880000,675892554,3
Lebanon,مصطفى GAME OVER,@mustafago,Gaming,695,85270850,178,12900000,4673324075,4
Lebanon,Brawl Stars,@brawlstars,Gaming,687,507069971,61,25700000,4873772550,5
Lebanon,صالح - oPiiLz,@opiilz,Entertainment,677,63100853,63,10300000,3092856243,6
Lebanon,beIN SPORTS,@beinsports,Sports,644,193790376,55,14300000,2333225728,7
Lebanon,Narins Beauty,@narobeauty,Entertainment,423,68391504,14,16500000,2663431497,8
Lebanon,BanderitaX,@banderitax,Gaming,407,35198437,24,20900000,6747936190,9
Lebanon,MrBeast,@mrbeast,Entertainment,399,1800360561,14,415000000,90957106039,10
Libya,مستر جيجي Mr GG,@mr_gg,Gaming,1031,93947488,166,5740000,2326745964,1
Libya,رانيا كيمنك Rania Gaming,@rania_gaming,Gaming,878,73537984,116,5250000,2308965071,2
Libya,تجارب اسراء - Esraa Nabil,@esraanabil2,People & Blogs,698,51455123,24,3880000,675892554,3
Libya,مصطفى GAME OVER,@mustafago,Gaming,691,85041843,177,12900000,4673324075,4
Libya,صالح - oPiiLz,@opiilz,Entertainment,669,65231555,71,10300000,3091471406,5
Libya,عصام صاصا - Essam Saasa,@esamsassa,Music,668,94716038,33,5800000,2536652472,6
Libya,beIN SPORTS,@beinsports,Sports,644,195443491,57,14300000,2333986858,7
Libya,The wonder roby (‫روبي الخارقه‬‎),@thewonderroby,Film & Animation,566,21487594,22,1290000,518637330,8
Libya,Brawl Stars,@brawlstars,Gaming,530,463180944,62,25700000,4873772550,9
Libya,Didine Canon 16,@didinecanon16.officiel,Music,476,87102352,26,7980000,2464097668,10
Liechtenstein,2TONoffical,@2tonoffical,Music,533,76051922,21,813000,2039414997,1
Liechtenstein,SQUEEZIE,@squeezie,Entertainment,494,170901712,25,20200000,11895507313,2
Liechtenstein,Brawl Stars,@brawlstars,Gaming,457,414659705,48,25700000,4873772550,3
Liechtenstein,MrBeast,@mrbeast,Entertainment,433,3360927833,22,415000000,90957106039,4
Liechtenstein,Dafina Zeqiri,@dafina.zeqiri,Music,404,84478124,15,676000,1559445340,5
Liechtenstein,Red Bull,@redbull,Sports,395,700701810,23,24000000,19456483511,6
Liechtenstein,BastiGHG,@bastighg,Gaming,355,51530569,97,2320000,1186812101,7
Liechtenstein,Standart Skill,@standartskill,Gaming,355,48308823,198,3790000,2333859014,8
Liechtenstein,Thebausffs,@thebausffs,Gaming,355,43953238,96,1090000,658491779,9
Liechtenstein,LUCREW,@lucrew,Entertainment,355,37148738,117,1510000,758942293,10
Lithuania,MrBeast,@mrbeast,Entertainment,620,4342031106,30,415000000,90957106039,1
Lithuania,Brawl Stars,@brawlstars,Gaming,542,452402425,50,25700000,4873772550,2
Lithuania,Jovani,@djjovani,Music,453,5769733,18,160000,280474068,3
Lithuania,ISSEI / いっせい,@issei0806,Entertainment,416,1348996917,23,64300000,51180876097,4
Lithuania,Edvisss,@edvisss,Gaming,415,3584374,124,197000,213733998,5
Lithuania,Victoria Pfeifer,@victoriapfeifer,Comedy,389,565848913,20,4540000,5915840130,6
Lithuania,BalcevMMA_BOXING,@balcevmma_boxing,Sports,385,156137193,18,2660000,3764899885,7
Lithuania,ГЛЕНТ,@glentyoutube,Gaming,384,58878011,59,24900000,6014206779,8
Lithuania,CaylusBlox,@caylusblox,Gaming,362,193012700,79,10700000,3367074935,9
Lithuania,Red Bull,@redbull,Sports,359,714435827,19,24000000,19456483511,10
Luxembourg,MrBeast,@mrbeast,Entertainment,831,5484296768,40,415000000,90957106039,1
Luxembourg,Celine Dept,@celinedept,Sports,774,2131155726,43,50400000,41625418829,2
Luxembourg,SQUEEZIE,@squeezie,Entertainment,753,188887795,27,20200000,11895507313,3
Luxembourg,Brawl Stars,@brawlstars,Gaming,735,447504927,44,25700000,4873772550,4
Luxembourg,JOYCA,@joyca,Entertainment,622,68844038,20,6660000,1757512782,5
Luxembourg,MoreSidemen,@moresidemen,People & Blogs,602,135583563,22,9710000,6124721296,6
Luxembourg,LastWeekTonight,@lastweektonight,Entertainment,601,128200292,24,9920000,4347824336,7
Luxembourg,ISSEI / いっせい,@issei0806,Entertainment,579,1657526183,21,62900000,49592466779,8
Luxembourg,The Daily Show,@thedailyshow,Comedy,575,192803495,28,12800000,7544179080,9
Luxembourg,Mastu,@mastu,Comedy,554,60330486,17,6690000,1158596337,10
Malaysia,Release - Topic,,Music,915,39016298,107,4370,5813534,1
Malaysia,MPL Malaysia,@mpl-malaysia,Gaming,447,80431744,102,409000,228539837,2
Malaysia,ISSEI / いっせい,@issei0806,Entertainment,390,1839030347,29,62500000,49022238799,3
Malaysia,Stokes Twins,@stokestwins,People & Blogs,383,2070127654,18,128000000,24217640536,4
Malaysia,MrBeast,@mrbeast,Entertainment,357,2891243314,19,415000000,90814739223,5
Malaysia,Tyler & Snowi,@tylerandsnowi,Gaming,355,131465822,131,6140000,4025064170,6
Malaysia,Windah Basudara,@windahbasudara,Gaming,355,121257759,100,20100000,5580592209,7
Malaysia,MiawAug,@miawaug,Gaming,355,73879088,105,25700000,8446878683,8
Malaysia,BANGJBLOX,@bangjblox,Gaming,355,47175072,127,5470000,2759588501,9
Malaysia,Soloz,@solozclub,Gaming,355,14619732,164,1920000,654494075,10
Malta,MoreSidemen,@moresidemen,People & Blogs,997,239797282,42,9730000,6179845271,1
Malta,MrBeast,@mrbeast,Entertainment,815,4961253518,37,415000000,90957106039,2
Malta,Sidemen,@sidemen,Entertainment,715,227442858,25,22400000,7137352416,3
Malta,The Royalty Family,@royaltyfam,People & Blogs,668,286210351,23,31300000,10810181102,4
Malta,Zack D. Films,@zackdfilms,Travel & Events,619,783386282,23,22300000,43023283938,5
Malta,Jordan Matter,@jordanmatter,Entertainment,611,357260173,22,30800000,11563444862,6
Malta,MiniMoochi,@minimoochi,Entertainment,542,416277146,21,6580000,11036430723,7
Malta,Celine Dept,@celinedept,Sports,511,1287369822,20,50400000,41625418829,8
Malta,Lionfield,@lionfield,Comedy,426,490407932,17,14600000,20167138762,9
Malta,im_siowei,@im_siowei,Comedy,384,315706765,13,17500000,18590943134,10
Mexico,Fede Vigevani,@fedevigevani,Entertainment,644,417075640,38,73000000,24854360755,1
Mexico,TUDN México,@tudnmexico,Sports,537,79194443,54,5490000,3835175686,2
Mexico,HYBE LABELS,@hybelabels,Music,468,647773197,105,81900000,47054602165,3
Mexico,Brawl Stars,@brawlstars,Gaming,451,459580637,71,25700000,4873772550,4
Mexico,Chuy Mine,@chuymine,Gaming,419,113440375,318,6140000,2550071003,5
Mexico,Luisito Comunica,@luisitocomunica,Entertainment,398,154935763,21,44900000,10926415703,6
Mexico,Rubius Z,@elrubius,Gaming,392,239277780,162,14600000,3644621239,7
Mexico,Nacho,@nacho-minecraft,Gaming,391,151911666,179,7700000,2205251752,8
Mexico,MrBeast,@mrbeast,Entertainment,380,1969047084,18,415000000,90957106039,9
Mexico,RDjavi,@rdjaviii,Gaming,371,92362884,50,6330000,1002532658,10
Moldova,Dani Mocanu © Oficial,@danimocanuoficial,Music,510,130426610,19,4510000,3458542710,1
Moldova,ГЛЕНТ,@glentyoutube,Gaming,489,92101826,75,24900000,6014206779,2
Moldova,MrBeast,@mrbeast,Entertainment,460,3659819263,23,415000000,90957106039,3
Moldova,Brawl Stars,@brawlstars,Gaming,446,395359480,44,25700000,4873772550,4
Moldova,A4,@a4a4a4a4,Entertainment,419,576839732,20,86200000,34402423997,5
Moldova,i_roblox_queen,@i_roblox_queen725,Gaming,393,187342781,48,10900000,5496294998,6
Moldova,Magnat & Feoctist,@magnatfeoctist,Music,385,10015998,13,173000,184699333,7
Moldova,Stokes Twins,@stokestwins,People & Blogs,384,2008343664,16,128000000,24217640536,8
Moldova,БЕЗУМНЫЙ СПОРТ,@bezumnii_sport,Sports,379,148793887,21,889000,1008713696,9
Moldova,MrBeast Gaming,@mrbeastgaming,Gaming,355,548820719,24,58300000,11312421126,10
Montenegro,MrBeast,@mrbeast,Entertainment,588,3921023118,25,415000000,90957106039,1
Montenegro,Brawl Stars,@brawlstars,Gaming,529,450295145,46,25700000,4873772550,2
Montenegro,ISSEI / いっせい,@issei0806,Entertainment,497,1654903874,23,64300000,51180876097,3
Montenegro,Celine Dept,@celinedept,Sports,492,1531759136,30,50400000,41625418829,4
Montenegro,Crni Cerak TV,@crnicerak.darkside,Music,482,21045565,20,295000,380892961,5
Montenegro,Generacija Zed,@generacijazed,Music,464,36121940,19,1090000,2360019307,6
Montenegro,MADE IN BLKN,@madeinblknrecords,Music,449,26266932,17,321000,708843152,7
Montenegro,KingsOfFailsShow,@kofs,Gaming,430,14217485,80,1560000,939917670,8
Montenegro,IMPERIA,@bubacorellijalabratofficial,Music,424,106505803,20,2090000,5596285752,9
Montenegro,Imperator FX,@imperatorfx,Gaming,412,9325777,154,1910000,1546499093,10
Morocco,مستر جيجي Mr GG,@mr_gg,Gaming,907,81799093,156,5740000,2326509274,1
Morocco,رانيا كيمنك Rania Gaming,@rania_gaming,Gaming,753,57322323,93,5250000,2304706289,2
Morocco,beIN SPORTS,@beinsports,Sports,679,196859412,61,14300000,2333986858,3
Morocco,تجارب اسراء - Esraa Nabil,@esraanabil2,People & Blogs,676,51218029,24,3880000,675892554,4
Morocco,مصطفى GAME OVER,@mustafago,Gaming,650,84128842,179,12900000,4673324075,5
Morocco,صالح - oPiiLz,@opiilz,Entertainment,604,62764371,71,10300000,3090001773,6
Morocco,Brawl Stars,@brawlstars,Gaming,450,421547873,62,25700000,4873772550,7
Morocco,Peace Cake,@peacecake,Comedy,435,17866689,15,2740000,838232296,8
Morocco,The wonder roby (‫روبي الخارقه‬‎),@thewonderroby,Film & Animation,420,17769294,17,1290000,518637330,9
Morocco,Narins Beauty,@narobeauty,Entertainment,419,68328729,14,16500000,2663431497,10
Nepal,B4U Bhojpuri,@b4ubhojpuri-,Film & Animation,542,348370684,39,13400000,6497163558,1
Nepal,T-Series,@tseries,Music,429,964165381,56,313000000,348663253146,2
Nepal,Tonde Gamer,@tondegamer,Gaming,367,74112763,78,19300000,6210849620,3
Nepal,OSR Digital,@osrdigital,Film & Animation,360,68251749,35,10600000,6000911658,4
Nepal,Carry Depie,@carrydepie,Gaming,355,199195340,145,4530000,2300090785,5
Nepal,Karry Kraft,@carrydepiegg,Gaming,355,113440429,121,1510000,643807553,6
Nepal,SATVIK,@satvik,Gaming,355,99317118,84,13300000,4935161545,7
Nepal,Junkeyy,@junkeyy,Gaming,355,90585474,84,3380000,956517993,8
Nepal,Tyro Gaming,@tyro_gaming,Gaming,355,71431062,35,2480000,1870792315,9
Nepal,Shivang Mini,@shivangmini,Gaming,355,59555456,160,1820000,763384818,10
Netherlands,Bankzitters,@bankzitters,Entertainment,548,63971628,52,1320000,1273524549,1
Netherlands,MeisjeDjamila,@meisjedjamila,People & Blogs,508,9246247,77,1810000,1409954307,2
Netherlands,MrBeast,@mrbeast,Entertainment,438,3746080634,28,415000000,90957106039,3
Netherlands,Brawl Stars,@brawlstars,Gaming,403,407758675,49,25700000,4873772550,4
Netherlands,Alex Klein,@alexklein1,Gaming,399,8474012,126,918000,478486686,5
Netherlands,MICK 2,@mickvanyoutube2,Entertainment,368,8591271,206,393000,202429155,6
Netherlands,GIEL,@giel1,Entertainment,355,6694758,183,452000,178270058,7
Netherlands,MrLololoshka (Роман Фильченков),@mrlololoshka,Gaming,354,116137724,148,11400000,5618592995,8
Netherlands,Dutchtuber,@dutchtuber,Gaming,354,12209293,184,1390000,1143842281,9
Netherlands,Foltyn,@foltynfamily,Gaming,353,216216080,162,12300000,4206223213,10
New Zealand,MoreSidemen,@moresidemen,People & Blogs,626,214727899,45,9730000,6179845271,1
New Zealand,MrBeast,@mrbeast,Entertainment,462,3247785282,24,415000000,90957106039,2
New Zealand,Red Bull,@redbull,Sports,399,659855741,20,24000000,19456483511,3
New Zealand,CaylusBlox,@caylusblox,Gaming,395,246734345,122,10800000,3378498070,4
New Zealand,KreekCraft,@kreekcraft,Gaming,380,106221783,88,17100000,7437418619,5
New Zealand,Mark Rober,@markrober,Science & Technology,364,840539517,17,69800000,13331404252,6
New Zealand,Netflix,@netflix,Entertainment,356,209380319,42,33500000,11329778322,7
New Zealand,Foltyn,@foltynfamily,Gaming,355,195693589,129,12300000,4206223213,8
New Zealand,SMii7Y,@smii7y,Gaming,355,147058084,82,8840000,3708103587,9
New Zealand,Flamingo,@flamingo,Gaming,355,120499211,109,14600000,12640249094,10
Nicaragua,Fede Vigevani,@fedevigevani,Entertainment,859,436064542,38,73600000,25384913225,1
Nicaragua,Brawl Stars,@brawlstars,Gaming,795,581397830,67,25700000,4873772550,2
Nicaragua,RDjavi,@rdjaviii,Gaming,681,122030987,51,6340000,1002532658,3
Nicaragua,HYBE LABELS,@hybelabels,Music,605,572613232,31,81900000,47054602165,4
Nicaragua,Luisito Comunica,@luisitocomunica,Entertainment,603,165574914,21,44900000,10926415703,5
Nicaragua,MrBeast,@mrbeast,Entertainment,575,2233725083,19,415000000,90957106039,6
Nicaragua,FedeGames,@fedegames7,Gaming,527,154059678,29,5890000,538477605,7
Nicaragua,Juan De Dios Pantoja,@juandediospantojaa,People & Blogs,514,110212124,16,51600000,7782133656,8
Nicaragua,Rubius Z,@elrubius,Gaming,505,247022978,158,14600000,3644621239,9
Nicaragua,ESPN Fans,@espnfans,Sports,475,106054437,27,8010000,6227885047,10
Nigeria,NollyFamily tv,@nollyfamilytv,Entertainment,594,34864025,23,1430000,305945820,1
Nigeria,Omoni Oboli TV,@omoniobolitv,Entertainment,577,62444087,23,1320000,271356023,2
Nigeria,Yorubaplus,@yorubaplus,Entertainment,550,16852705,62,1550000,381754502,3
Nigeria,APATATV+,@apatatvplus,Entertainment,523,12870376,66,2610000,483599278,4
Nigeria,Release - Topic,,Music,504,10685330,44,760,5988653,5
Nigeria,IBAKATV,@ibakatv1,Entertainment,396,16550585,24,1400000,41248320,6
Nigeria,Isbae U,@isbae_u,People & Blogs,393,11792221,21,655000,91841381,7
Nigeria,LibraTv,@libratv,Film & Animation,376,11335520,17,820000,104231993,8
Nigeria,Uche Nancy tv,@uchenancytv,People & Blogs,373,22747130,15,2020000,422241949,9
Nigeria,official BRODA SHAGGI,@brodashaggi,Comedy,371,7600179,16,2110000,372542063,10
North Macedonia,2TONoffical,@2tonoffical,Music,683,84772206,23,813000,2039414997,1
North Macedonia,MrBeast,@mrbeast,Entertainment,650,4550048493,31,415000000,90957106039,2
North Macedonia,Celine Dept,@celinedept,Sports,537,1529031723,30,50400000,41625418829,3
North Macedonia,CRAZY GREAPA,@crazygreapa,Entertainment,471,1361017420,24,27600000,26544025562,4
North Macedonia,ISSEI / いっせい,@issei0806,Entertainment,468,1539148887,20,64300000,51180876097,5
North Macedonia,Brawl Stars,@brawlstars,Gaming,437,364632745,37,25700000,4873772550,6
North Macedonia,Andrey Grechka,@andrey.grechka,Entertainment,416,1215993082,27,25500000,26072716528,7
North Macedonia,Stokes Twins,@stokestwins,People & Blogs,407,2067732677,15,128000000,24217640536,8
North Macedonia,Dafina Zeqiri,@dafina.zeqiri,Music,401,84240788,13,676000,1559445340,9
North Macedonia,BEN EAGLE,@beneagleofficial,Entertainment,397,1083137514,18,44800000,29620919948,10
Norway,MoreSidemen,@moresidemen,People & Blogs,633,216923061,46,9730000,6179845271,1
Norway,MrBeast,@mrbeast,Entertainment,619,3918842944,28,415000000,90957106039,2
Norway,Red Bull,@redbull,Sports,450,766404124,25,24000000,19456483511,3
Norway,IShowSpeed,@ishowspeed,Gaming,448,484324608,36,57100000,9237303908,4
Norway,Mark Rober,@markrober,Science & Technology,427,883445722,18,69800000,13347464957,5
Norway,Brawl Stars,@brawlstars,Gaming,408,357147317,44,25700000,4873772550,6
Norway,CaylusBlox,@caylusblox,Gaming,397,233621078,114,10800000,3378498070,7
Norway,Victoria Pfeifer,@victoriapfeifer,Comedy,389,531460839,20,4540000,5915840130,8
Norway,KreekCraft,@kreekcraft,Gaming,376,117821521,96,17200000,7469102841,9
Norway,Foltyn,@foltynfamily,Gaming,355,182513279,118,12300000,4206223213,10
Oman,مستر جيجي Mr GG,@mr_gg,Gaming,999,69481272,101,5740000,2326745964,1
Oman,رانيا كيمنك Rania Gaming,@rania_gaming,Gaming,839,52065894,63,5250000,2315377701,2
Oman,صالح - oPiiLz,@opiilz,Entertainment,744,67284060,71,10300000,3092856243,3
Oman,تجارب اسراء - Esraa Nabil,@esraanabil2,People & Blogs,697,51043934,23,3880000,675892554,4
Oman,مصطفى GAME OVER,@mustafago,Gaming,691,83278079,170,12900000,4673324075,5
Oman,Brawl Stars,@brawlstars,Gaming,690,504315918,59,25700000,4873772550,6
Oman,beIN SPORTS,@beinsports,Sports,655,195490202,58,14300000,2333986858,7
Oman,Nasser HD,@nasser_hd,Gaming,577,28393544,46,1700000,413378992,8
Oman,The wonder roby (‫روبي الخارقه‬‎),@thewonderroby,Film & Animation,566,21487594,22,1290000,518637330,9
Oman,BanderitaX,@banderitax,Gaming,522,60807375,63,20900000,6747936190,10
Pakistan,HUM TV,@humtv,Entertainment,501,684752688,43,54200000,52155087453,1
Pakistan,ARY Digital HD,@arydigitalasia,Entertainment,474,505582848,37,68100000,76412513238,2
Pakistan,HAR PAL GEO,@harpalgeoofficial,Entertainment,431,468953113,38,73500000,83431592029,3
Pakistan,Green TV Entertainment,@greenentertainmenttv,Entertainment,372,250775577,35,15200000,11234820516,4
Pakistan,T-Series,@tseries,Music,361,949201055,53,313000000,348663253146,5
Pakistan,Carry Depie,@carrydepie,Gaming,355,209066254,157,4530000,2300090785,6
Pakistan,Karry Kraft,@carrydepiegg,Gaming,355,115184789,128,1510000,643807553,7
Pakistan,Live Insaan,@liveinsaan,Gaming,355,114536678,59,15100000,4087115575,8
Pakistan,SATVIK,@satvik,Gaming,355,106926552,97,13300000,4935161545,9
Pakistan,Junkeyy,@junkeyy,Gaming,355,95885835,93,3380000,956517993,10
Panama,Fede Vigevani,@fedevigevani,Entertainment,870,436064542,38,73600000,25384913225,1
Panama,Brawl Stars,@brawlstars,Gaming,747,511094757,55,25700000,4873772550,2
Panama,RDjavi,@rdjaviii,Gaming,681,122030987,51,6340000,1002532658,3
Panama,HYBE LABELS,@hybelabels,Music,624,565695446,33,81900000,47054602165,4
Panama,Luisito Comunica,@luisitocomunica,Entertainment,603,165574988,21,44900000,10926415703,5
Panama,MrBeast,@mrbeast,Entertainment,575,2233725083,19,415000000,90957106039,6
Panama,ESPN Fans,@espnfans,Sports,558,112876972,31,8010000,6227885047,7
Panama,FedeGames,@fedegames7,Gaming,528,150610048,26,5890000,538477605,8
Panama,Juan De Dios Pantoja,@juandediospantojaa,People & Blogs,514,110212124,16,51600000,7782133656,9
Panama,Rubius Z,@elrubius,Gaming,506,249222832,161,14600000,3644621239,10
Papua New Guinea,Foltyn,@foltynfamily,Gaming,386,251477609,286,12300000,4206223213,1
Papua New Guinea,CaylusBlox,@caylusblox,Gaming,367,320018247,319,10800000,3378498070,2
Papua New Guinea,CaseOh,@caseoh_,Gaming,354,121517126,331,10700000,2397006432,3
Papua New Guinea,Cash,@cashminecraft,Entertainment,348,101563061,289,11300000,3672046981,4
Papua New Guinea,NFL,@nfl,Sports,346,251233532,67,14500000,12079698554,5
Papua New Guinea,Techy Plays,@techy-plays,Gaming,346,61059447,329,4870000,1010066163,6
Papua New Guinea,Johnny Minecraft,@johnnyminecraftyt,Gaming,331,40989367,329,4720000,961341919,7
Papua New Guinea,Netflix,@netflix,Entertainment,317,291473503,136,33500000,11329778322,8
Papua New Guinea,Aphmau,@aphmau,Gaming,316,112583840,303,25100000,29761904476,9
Papua New Guinea,Flamingo,@flamingo,Gaming,315,139084337,147,14600000,12640249094,10
Paraguay,Fede Vigevani,@fedevigevani,Entertainment,821,430366108,38,73200000,25023353669,1
Paraguay,ESPN Fans,@espnfans,Sports,736,155433971,64,8010000,6227885047,2
Paraguay,Brawl Stars,@brawlstars,Gaming,717,525387300,62,25700000,4873772550,3
Paraguay,HYBE LABELS,@hybelabels,Music,661,673408535,40,81900000,47054602165,4
Paraguay,Luisito Comunica,@luisitocomunica,Entertainment,603,165574988,21,44900000,10926415703,5
Paraguay,RDjavi,@rdjaviii,Gaming,577,118028149,51,6340000,1002532658,6
Paraguay,MrBeast,@mrbeast,Entertainment,575,2233725083,19,415000000,90957106039,7
Paraguay,Spreen,@spreen,Gaming,518,32861724,28,8340000,2132901332,8
Paraguay,Juan De Dios Pantoja,@juandediospantojaa,People & Blogs,514,110212124,16,51600000,7782133656,9
Paraguay,Rubius Z,@elrubius,Gaming,506,248723452,161,14600000,3644621239,10
Peru,Fede Vigevani,@fedevigevani,Entertainment,721,422157965,38,73000000,24854360755,1
Peru,ESPN Fans,@espnfans,Sports,591,151579275,66,8010000,6227885047,2
Peru,HYBE LABELS,@hybelabels,Music,570,717960088,100,81900000,47054602165,3
Peru,Brawl Stars,@brawlstars,Gaming,547,482999355,71,25700000,4873772550,4
Peru,Luisito Comunica,@luisitocomunica,Entertainment,468,159760145,21,44900000,10926415703,5
Peru,MrBeast,@mrbeast,Entertainment,447,2042487691,18,415000000,90957106039,6
Peru,Más SKabeche,@masskabeche,Entertainment,434,37568500,20,13600000,3810258411,7
Peru,Chuy Mine,@chuymine,Gaming,433,122686703,312,6140000,2550071003,8
Peru,Rubius Z,@elrubius,Gaming,416,240439491,161,14600000,3644621239,9
Peru,Nacho,@nacho-minecraft,Gaming,398,152335966,179,7700000,2205251752,10
Philippines,MPL Philippines,@mplphilippines,Gaming,511,127920212,125,2470000,711986419,1
Philippines,CaylusBlox,@caylusblox,Gaming,362,208845257,125,10700000,3367074935,2
Philippines,Foltyn,@foltynfamily,Gaming,355,216918156,156,12300000,4206223213,3
Philippines,Tyler & Snowi,@tylerandsnowi,Gaming,355,138159117,146,6140000,4025064170,4
Philippines,PlayofEL,@playofel,Gaming,355,33369066,92,3560000,2233735489,5
Philippines,HYBE LABELS,@hybelabels,Music,354,579773802,53,81900000,47054602165,6
Philippines,Aphmau,@aphmau,Gaming,354,98646821,137,25100000,29761904476,7
Philippines,Chesca_YT,@chesca_yt,People & Blogs,354,14329560,85,809000,226238398,8
Philippines,ItsFunneh,@itsfunneh,Gaming,352,72392848,128,12100000,15926826181,9
Philippines,LazySly,@lazysly,Gaming,351,26395156,138,1790000,385782927,10
Poland,Admiros,@admiros,Gaming,448,17463282,135,2710000,956967612,1
Poland,Jacob,@jacobnajlepszy,Gaming,442,26229660,111,2100000,1044974503,2
Poland,SmileSlow,@smileslow,Gaming,412,15239344,157,2390000,859839248,3
Poland,Enzzi,@enzzigaming,Gaming,380,15064414,146,1580000,663896281,4
Poland,YOUNG MULTI LIVE,@youngmultilive,Entertainment,372,13932331,108,1140000,604609828,5
Poland,izak LIVE,@izaklive,Gaming,358,17174417,158,2170000,926248336,6
Poland,Wojan Games,@wojangames,Gaming,355,63330778,240,2850000,1989708593,7
Poland,Wojan PLUS,@wojanplus,Gaming,355,47142596,226,1760000,1300265802,8
Poland,Kaluch,@kaluchyt,Gaming,355,20178311,156,2710000,1435142440,9
Poland,Palion Games Plus,@paliongamesplus,Gaming,355,19429027,241,1130000,614603550,10
Portugal,MrBeast,@mrbeast,Entertainment,479,3365854892,21,415000000,90957106039,1
Portugal,Neagle,@neagle,Entertainment,466,150659952,25,17200000,3699313448,2
Portugal,Brawl Stars,@brawlstars,Gaming,446,383949311,45,25700000,4873772550,3
Portugal,ProbIems,@problemsyt,Gaming,437,153546256,192,12300000,9747995334,4
Portugal,Natan por Aí,@natanporai,Entertainment,414,174828361,18,31100000,19118640733,5
Portugal,Stokes Twins,@stokestwins,People & Blogs,372,1992760395,15,128000000,24217640536,6
Portugal,Celine Dept,@celinedept,Sports,368,1222779673,20,50400000,41625418829,7
Portugal,Flakes Power,@flakespower,Gaming,363,34283710,98,7450000,1712081678,8
Portugal,Jazzghost,@jazzghost,Gaming,355,267557692,145,24200000,11206029767,9
Portugal,Canal Clash War,@luanclashwar,Gaming,355,112301755,178,15000000,3297191880,10
Puerto Rico,Fede Vigevani,@fedevigevani,Entertainment,870,436064542,38,73600000,25384913225,1
Puerto Rico,Brawl Stars,@brawlstars,Gaming,809,570505195,65,25700000,4873772550,2
Puerto Rico,RDjavi,@rdjaviii,Gaming,681,122031016,51,6340000,1002532658,3
Puerto Rico,Luisito Comunica,@luisitocomunica,Entertainment,583,161144055,20,44900000,10926415703,4
Puerto Rico,MrBeast,@mrbeast,Entertainment,575,2233725083,19,415000000,90957106039,5
Puerto Rico,HYBE LABELS,@hybelabels,Music,563,535712529,27,81900000,47054602165,6
Puerto Rico,Rubius Z,@elrubius,Gaming,506,246948871,158,14600000,3644621239,7
Puerto Rico,FedeGames,@fedegames7,Gaming,493,144817223,25,5890000,538477605,8
Puerto Rico,Juan De Dios Pantoja,@juandediospantojaa,People & Blogs,433,100883139,13,51600000,7782133656,9
Puerto Rico,Alejo Igoa,@alejoigoa,Entertainment,429,166566957,13,116000000,34977166875,10
Qatar,صالح - oPiiLz,@opiilz,Entertainment,706,62383525,59,10300000,3092856243,1
Qatar,beIN SPORTS,@beinsports,Sports,594,194715229,57,14300000,2330683597,2
Qatar,T-Series,@tseries,Music,562,1348232417,48,313000000,348663253146,3
Qatar,Brawl Stars,@brawlstars,Gaming,554,383167472,42,25700000,4873772550,4
Qatar,تجارب اسراء - Esraa Nabil,@esraanabil2,People & Blogs,541,40184987,18,3880000,675892554,5
Qatar,BanderitaX,@banderitax,Gaming,431,38208242,27,20900000,6747936190,6
Qatar,Narins Beauty,@narobeauty,Entertainment,423,68391506,14,16500000,2663431497,7
Qatar,MrBeast,@mrbeast,Entertainment,399,1800360561,14,415000000,90957106039,8
Qatar,RAED,@raed.1,Gaming,392,39727654,14,2670000,269743296,9
Qatar,قناة سعود Saud Channel l,@saudchannel4,Entertainment,389,30439369,15,11900000,2797940792,10
Romania,Tzanca Uraganu,@tzancauraganuofficial,Music,796,133091338,36,1760000,2204343875,1
Romania,Bogdan DLP,@bogdandlp,Music,773,167274812,29,1930000,2117215348,2
Romania,Dani Mocanu © Oficial,@danimocanuoficial,Music,725,160707933,27,4510000,3458542710,3
Romania,Manele TV,@maneletvbigman,Music,501,35034094,21,222000,336027243,4
Romania,Nek Music Tv,@nekmusictv,Music,495,32393867,28,4650000,6209267694,5
Romania,Jador The Artist,@jadortheartist,Music,486,46181780,25,459000,689060240,6
Romania,B A B A S H A,@babashaofficial,Music,474,59900036,20,487000,688036196,7
Romania,AmmA Music & Sound,@ammamusic,Music,451,42234405,27,3180000,3355750860,8
Romania,Big UP Music,@bigupmusic,Music,422,55752755,21,930000,739589934,9
Romania,Madalin,@madalinn,Gaming,409,5445867,169,1160000,343250491,10
Russia,MrLololoshka (Роман Фильченков),@mrlololoshka,Gaming,603,220511498,306,11400000,5618592995,1
Russia,Новостной Гусь,@i11ush_news,News & Politics,537,328441176,242,701000,3795698007,2
Russia,EdisonPts,@edisonpts,Gaming,392,121391466,283,17200000,8854128264,3
Russia,FixEye - Роблокс,@fixeyeroblox,Gaming,389,85955210,332,1830000,1052451418,4
Russia,Kuplinov ► Play,@kuplinovplay,Gaming,359,35354928,286,17300000,8685867446,5
Russia,OVER SHOW,@gamewithover,Gaming,359,18483194,327,8300000,4464398553,6
Russia,Компот,@compot,Gaming,355,65729046,339,17500000,11342499500,7
Russia,EroxBlox,@eroxbloxjust,Gaming,354,82006974,333,1420000,441172610,8
Russia,Recrent,@recrent,Gaming,354,25732873,293,1090000,732498002,9
Russia,Coffi Channel,@coffichannel,Gaming,354,13113349,334,8200000,4243601549,10
Saudi Arabia,مستر جيجي Mr GG,@mr_gg,Gaming,912,82588035,172,5740000,2326509274,1
Saudi Arabia,رانيا كيمنك Rania Gaming,@rania_gaming,Gaming,790,65535951,127,5250000,2301517329,2
Saudi Arabia,beIN SPORTS,@beinsports,Sports,672,196338474,61,14300000,2333986858,3
Saudi Arabia,تجارب اسراء - Esraa Nabil,@esraanabil2,People & Blogs,672,51149361,24,3880000,675892554,4
Saudi Arabia,صالح - oPiiLz,@opiilz,Entertainment,623,63670126,71,10300000,3090001773,5
Saudi Arabia,مصطفى GAME OVER,@mustafago,Gaming,598,79678989,178,12900000,4673324075,6
Saudi Arabia,The wonder roby (‫روبي الخارقه‬‎),@thewonderroby,Film & Animation,547,21218969,22,1290000,518637330,7
Saudi Arabia,Rotana,@rotanamusic,Music,493,99367615,76,27300000,31708200873,8
Saudi Arabia,SSC TV,@saudisportscompany,Sports,449,74229709,42,1460000,353740867,9
Saudi Arabia,عصام صاصا - Essam Saasa,@esamsassa,Music,448,77630740,32,5750000,2485913690,10
Senegal,Marodi TV Sénégal,@maroditvprod,Entertainment,1073,315181662,196,8910000,4886979625,1
Senegal,EvenProd,@evenprod,Film & Animation,958,568989332,220,6950000,3579161695,2
Senegal,Wally B. Seck,@officielwallyseck,Music,597,37562555,37,2610000,785679173,3
Senegal,Yesdakar,@yesdakar,Entertainment,517,73135289,45,2400000,550539031,4
Senegal,Lutte TV,@luttetv,Sports,356,22515639,53,1450000,627680333,5
Senegal,IBZOGAMING,@ibzogaming,Gaming,349,2382719,92,186000,12032105,6
Senegal,Unchained_Off,@unchainedoff,Gaming,348,96367884,129,7320000,4233780902,7
Senegal,TFM (Télé Futurs Medias),tfmtelefutursmedias,News & Politics,347,9361597,45,2960000,1143854262,8
Senegal,BeOnePourcent,@beonepourcent,Gaming,346,13849795,104,645000,214724563,9
Senegal,好人小丑,@haorenxiaochou,People & Blogs,310,1038277126,17,16200000,16776556922,10
Serbia,Crni Cerak TV,@crnicerak.darkside,Music,482,21053163,21,295000,380892961,1
Serbia,Brawl Stars,@brawlstars,Gaming,448,416251760,48,25700000,4873772550,2
Serbia,Generacija Zed,@generacijazed,Music,425,31631902,20,1090000,2360019307,3
Serbia,KingsOfFailsShow,@kofs,Gaming,424,15170090,85,1560000,939917670,4
Serbia,IMPERIA,@bubacorellijalabratofficial,Music,416,96368678,24,2090000,5618920601,5
Serbia,MrBeast,@mrbeast,Entertainment,413,3130637837,19,415000000,90957106039,6
Serbia,MADE IN BLKN,@madeinblknrecords,Music,395,24382658,14,321000,708843152,7
Serbia,HCL.hr,@hclgamingportal,Gaming,381,3740541,120,638000,327846741,8
Serbia,Imperator FX,@imperatorfx,Gaming,371,10225855,187,1910000,1546499093,9
Serbia,IDJVideos.TV,@idjvideostv,Music,359,15172768,26,4060000,8377210381,10
Singapore,HYBE LABELS,@hybelabels,Music,543,707520873,50,81900000,47054602165,1
Singapore,SMTOWN,@smtown,Music,420,391760175,30,33700000,33928976378,2
Singapore,Brawl Stars,@brawlstars,Gaming,402,378199598,46,25700000,4873772550,3
Singapore,JYP Entertainment,@jypentertainment,Music,381,384842118,32,32100000,27577344662,4
Singapore,Think Music India,@thinkmusicofficial,Music,358,280947173,27,22700000,23597264974,5
Singapore,Foltyn,@foltynfamily,Gaming,355,175525551,106,12300000,4206223213,6
Singapore,Flamingo,@flamingo,Gaming,355,123051480,113,14600000,12640249094,7
Singapore,Netflix,@netflix,Entertainment,353,225499526,36,33500000,11329778322,8
Singapore,MrBeast Gaming,@mrbeastgaming,Gaming,347,554426810,25,58300000,11312421126,9
Singapore,ItsFunneh,@itsfunneh,Gaming,347,54100009,85,12100000,15926826181,10
Slovakia,Brawl Stars,@brawlstars,Gaming,502,444234121,51,25700000,4873772550,1
Slovakia,MrBeast,@mrbeast,Entertainment,498,3412074653,21,415000000,90957106039,2
Slovakia,Victoria Pfeifer,@victoriapfeifer,Comedy,446,608573238,24,4540000,5915840130,3
Slovakia,MATT Zrebny,@mattzrebny,Music,436,5615132,27,136000,126476383,4
Slovakia,DuklockPlus,@duklockplus,Gaming,423,5898660,67,475000,162419547,5
Slovakia,HouseBox,@houseboxcz,Gaming,406,11973203,120,1310000,951650297,6
Slovakia,AlkanExtra,@alkanextra,Gaming,377,2457866,113,210000,68623535,7
Slovakia,KALI RECORDS,@kalirecords,Music,369,6765298,14,693000,965321773,8
Slovakia,Alkanhraje,@alkanhraje,Gaming,367,5245306,135,507000,409095584,9
Slovakia,Justin Flom,@justinflom,Entertainment,357,807479985,16,32000000,33108983810,10
Slovenia,MrBeast,@mrbeast,Entertainment,756,4659931026,33,415000000,90957106039,1
Slovenia,MoreSidemen,@moresidemen,People & Blogs,702,218419074,44,9730000,6179845271,2
Slovenia,Brawl Stars,@brawlstars,Gaming,648,487289203,50,25700000,4873772550,3
Slovenia,Celine Dept,@celinedept,Sports,623,1618859298,31,50400000,41625418829,4
Slovenia,Red Bull,@redbull,Sports,621,950466753,33,24000000,19456483511,5
Slovenia,ISSEI / いっせい,@issei0806,Entertainment,605,1962923539,31,64300000,51180876097,6
Slovenia,Victoria Pfeifer,@victoriapfeifer,Comedy,541,635703192,24,4550000,5925182307,7
Slovenia,Fabiosa Best Lifehacks,@fabiosabestlifehacks,People & Blogs,428,374456202,23,25500000,20089144690,8
Slovenia,Andrey Grechka,@andrey.grechka,Entertainment,419,975634913,22,24300000,22554381696,9
Slovenia,Lionfield,@lionfield,Comedy,410,462645626,17,14600000,20167138762,10
South Africa,Release - Topic,,Music,727,23867182,90,19400,6245113,1
South Africa,Foltyn,@foltynfamily,Gaming,355,188251426,113,12300000,4206223213,2
South Africa,Cash,@cash,Entertainment,355,81694116,164,11300000,3679174158,3
South Africa,S2G,@s2g,Gaming,355,59284971,101,2530000,1095214291,4
South Africa,Techy Plays,@techy-plays,Gaming,355,54513554,200,4870000,1010066163,5
South Africa,TechyCrew,@techy-crew,Gaming,355,48579482,181,1120000,688670402,6
South Africa,MoreS2G,@mores2g,Gaming,355,35525931,108,756000,214804960,7
South Africa,Nought,@noughtpointfourlive,Gaming,355,18191407,112,8000000,3112601075,8
South Africa,More Techy,@more-techy,Gaming,354,35734376,162,1220000,521396000,9
South Africa,Tyler & Snowi,@tylerandsnowi,Gaming,350,129778328,133,6140000,4025064170,10
South Korea,HYBE LABELS,@hybelabels,Music,555,800826542,111,81900000,47054602165,1
South Korea,SMTOWN,@smtown,Music,555,440911310,75,33700000,33922833731,2
South Korea,숏박스,@shortbox,Comedy,503,89909339,27,3450000,1206312752,3
South Korea,Netflix Korea 넷플릭스 코리아,@netflixkorea,Entertainment,462,69537553,93,3160000,2136023880,4
South Korea,뜬뜬 DdeunDdeun,@ddeunddeun,Comedy,431,118525123,25,2720000,741739265,5
South Korea,혜안,@hxxax,Gaming,400,48687605,142,3050000,2495966776,6
South Korea,짧은대본 ShortPaper,@short_paper,Entertainment,399,20852090,23,1370000,828283150,7
South Korea,찰스엔터,@charlesenter,People & Blogs,389,31441966,21,902000,256729947,8
South Korea,추성훈 ChooSungHoon,@choosunghoon_ajossi,People & Blogs,376,75817672,24,1880000,313619617,9
South Korea,JYP Entertainment,@jypentertainment,Music,375,433225440,73,32100000,27533498372,10
Spain,Chiringuito Inside,@chiringuitotvinside,Sports,466,61351766,121,1440000,808458333,1
Spain,Lyna,@lyna,Gaming,425,174020625,304,25100000,11567929759,2
Spain,DaniRep | +6 Vídeos Diarios De GTA 5 Online!,@thedanirep,Gaming,417,53943942,256,14000000,8990195935,3
Spain,Folagor03,@folagor03,Gaming,402,43968875,333,4490000,2607939563,4
Spain,GoDeiK,@godeik,Gaming,385,58972836,195,4050000,1659457797,5
Spain,Rubius Z,@elrubius,Gaming,375,254297118,162,14600000,3644621239,6
Spain,Auron,@auron,Gaming,373,85597112,175,15800000,4881852670,7
Spain,VEGETTA777,@vegetta777,Gaming,372,58262715,272,34700000,16421439185,8
Spain,Dagar,@dagar-minecraft,Gaming,353,204466964,179,6080000,2657626558,9
Spain,DjMaRiiO,@djmariio,Gaming,348,56381957,175,10100000,4448892751,10
Sri Lanka,Lochi,@lochi,Entertainment,456,28636904,20,1850000,550332354,1
Sri Lanka,Hiru TV,@hirutvofficial,Entertainment,408,47267122,46,4670000,3293380738,2
Sri Lanka,Janai Priyai,@janaipriyailive,Comedy,370,15723768,18,1400000,355653428,3
Sri Lanka,Allen K S L,@allenksl,Gaming,355,3522471,87,186000,33141872,4
Sri Lanka,Filltrix Sinhala,@filltrixsinhala,Gaming,355,2251451,131,94800,17609728,5
Sri Lanka,HG FREE FIRE,@hgfreefire,Gaming,349,11406021,37,1070000,235492294,6
Sri Lanka,DLP Gaming,@d.l.p.gaming,Gaming,349,1713890,106,103000,16905536,7
Sri Lanka,Music Update,@musicupdatelk,Music,348,7216713,70,488000,40131472,8
Sri Lanka,Dis-connect,@dis-connected-brb,Gaming,348,1027961,201,24100,4919116,9
Sri Lanka,Gaming With Kaniya,@gamingwithkaniya,Gaming,348,924981,115,55200,6823177,10
Sweden,MrBeast,@mrbeast,Entertainment,552,4074495672,29,415000000,90957106039,1
Sweden,MoreSidemen,@moresidemen,People & Blogs,461,170041698,37,9730000,6179845271,2
Sweden,Emil Hansius,@emilhansius,People & Blogs,389,7114717,22,478000,172157641,3
Sweden,CaylusBlox,@caylusblox,Gaming,373,251976358,130,10800000,3378498070,4
Sweden,KreekCraft,@kreekcraft,Gaming,363,129106987,107,17200000,7469102841,5
Sweden,Foltyn,@foltynfamily,Gaming,355,200892195,133,12300000,4206223213,6
Sweden,Thebausffs,@thebausffs,Gaming,355,61797493,140,1090000,658491779,7
Sweden,Willjum,@willjum,Gaming,355,43857290,51,1960000,431220030,8
Sweden,Brawl Stars,@brawlstars,Gaming,354,353076025,44,25700000,4873772550,9
Sweden,Flamingo,@flamingo,Gaming,354,121204824,101,14600000,12640249094,10
Switzerland,2TONoffical,@2tonoffical,Music,532,76049894,21,813000,2039414997,1
Switzerland,SQUEEZIE,@squeezie,Entertainment,494,170900174,25,20200000,11895507313,2
Switzerland,Brawl Stars,@brawlstars,Gaming,457,414641625,48,25700000,4873772550,3
Switzerland,MrBeast,@mrbeast,Entertainment,433,3360885152,22,415000000,90957106039,4
Switzerland,Dafina Zeqiri,@dafina.zeqiri,Music,403,84477440,15,676000,1559445340,5
Switzerland,Red Bull,@redbull,Sports,395,700689285,23,24000000,19456483511,6
Switzerland,BastiGHG,@bastighg,Gaming,355,51525786,97,2320000,1186812101,7
Switzerland,Standart Skill,@standartskill,Gaming,355,48294767,198,3790000,2333859014,8
Switzerland,Thebausffs,@thebausffs,Gaming,355,43951521,96,1090000,658491779,9
Switzerland,GameStar,@gamestar,Gaming,355,15616591,115,1590000,1645560379,10
Taiwan,Garena 傳說對決,@garenaaovtw,Gaming,638,46110603,160,805000,644682885,1
Taiwan,Release - Topic,,Music,502,17016608,98,4810,2752080,2
Taiwan,HYBE LABELS,@hybelabels,Music,429,764379994,76,81900000,47054602165,3
Taiwan,LoLEsportsTW,@lolesportstw-r4w,Gaming,426,50152467,116,334000,207922192,4
Taiwan,館長惡名昭彰,@notorious_3cm,Gaming,386,28063614,166,1370000,621519958,5
Taiwan,Dinter,@dinterlolz,Gaming,384,19015166,205,1020000,926529172,6
Taiwan,阿斯asu,@asuhosus,Gaming,373,17765658,81,952000,448000741,7
Taiwan,阿神,@ashankouki,Gaming,372,15836408,114,3310000,2474891136,8
Taiwan,Stanley 史丹利,@stanleyslol,Gaming,355,23717711,262,517000,811855183,9
Taiwan,Sirenia海牛,@sirenia8787,Gaming,354,13588411,188,647000,320913969,10
Tanzania,Zuchu,@officialzuchu,Music,672,47238328,30,4750000,1186835295,1
Tanzania,Diamond Platnumz,@dplatnumz,Music,609,59118336,31,11600000,3728741805,2
Tanzania,Mbosso,@mbossokhan,Music,606,53643071,29,4210000,1187849924,3
Tanzania,MariooOfficial,@mariooofficialmusic,Music,588,60845713,23,2370000,656939091,4
Tanzania,ASMA FILMS,@asmacomedian9021,Film & Animation,580,53498343,49,1160000,224090206,5
Tanzania,Harmonize,@harmonize255,Music,498,36450226,27,5820000,1525431049,6
Tanzania,Azam TV,@azamtvtz,Sports,424,12192269,38,3010000,820656957,7
Tanzania,Ndaro Tz,@ndarotz742,Comedy,409,5939344,19,493000,74225632,8
Tanzania,Millard Ayo,@millardayotza,News & Politics,394,10758079,29,5740000,2315883256,9
Tanzania,D Voice,@itsdvoice,Music,381,16968665,19,819000,185259016,10
Thailand,โหนกระแส [Hone-Krasae] official,@honekrasaeofficial,News & Politics,624,366157050,224,9450000,3347629774,1
Thailand,Garena RoV Thailand,@garenarovthai,Gaming,583,157610050,223,3900000,2034471853,2
Thailand,HEARTROCKER,@heartrock,Gaming,519,87691040,231,9640000,4141856520,3
Thailand,Bay Riffer,@brf,Gaming,515,31783100,315,4600000,1275858396,4
Thailand,MTR Mysterios,@mtr9999,Gaming,450,26255924,199,4290000,1261141416,5
Thailand,zbing z.,@zbingz,Gaming,407,56682676,258,21900000,12974571294,6
Thailand,Thanks For Watching,@thanksforwatchingyt,Gaming,399,34276686,299,5540000,3647983934,7
Thailand,กาย หงิด,@guyngid,Gaming,385,83382197,185,6530000,2535344959,8
Thailand,กิต งายย,@kritngi,Gaming,370,33453174,193,4850000,1087937131,9
Thailand,PojzPlaza,@ppz321,Gaming,369,24904036,273,9600000,2635557048,10
Tunisia,صالح - oPiiLz,@opiilz,Entertainment,725,66877006,73,10300000,3091471406,1
Tunisia,تجارب اسراء - Esraa Nabil,@esraanabil2,People & Blogs,698,51455218,24,3880000,675892554,2
Tunisia,مصطفى GAME OVER,@mustafago,Gaming,691,84088268,173,12900000,4673324075,3
Tunisia,Didine Canon 16,@didinecanon16.officiel,Music,671,99541701,34,7980000,2464097668,4
Tunisia,beIN SPORTS,@beinsports,Sports,623,195953704,57,14300000,2333986858,5
Tunisia,Brawl Stars,@brawlstars,Gaming,618,461099862,54,25700000,4873772550,6
Tunisia,HYBE LABELS,@hybelabels,Music,506,519862430,37,81900000,47054602165,7
Tunisia,BanderitaX,@banderitax,Gaming,491,59652349,62,20800000,6729693746,8
Tunisia,Peace Cake,@peacecake,Comedy,466,18077635,15,2740000,838232296,9
Tunisia,Narins Beauty,@narobeauty,Entertainment,423,68391506,14,16500000,2663431497,10
Turkey,Release - Topic,,Music,727,28628724,220,2980,5988653,1
Turkey,Kızılcık Şerbeti,@kizilcikserbetidizi,Entertainment,410,346155800,65,2680000,3081566566,2
Turkey,Ferited,@ferited,Gaming,355,167322875,318,6690000,5199763699,3
Turkey,BoraLo,@boralo,Gaming,355,68656956,283,4160000,1709972501,4
Turkey,Lia,@liabloxx,Gaming,355,40276746,276,1380000,529915325,5
Turkey,imparator - Brawl Stars,@imparatoryoutube1,Gaming,355,29628911,245,504000,241631998,6
Turkey,Vural Üzül,@vuraluzul,Gaming,355,25939970,224,2540000,774176701,7
Turkey,Ümidi,@umidii,Gaming,355,18387139,186,3340000,2082972655,8
Turkey,Sahipsizler,@sahipsizlerdizi,Entertainment,354,320680920,47,2540000,1286802639,9
Turkey,Enes Arslan,@enesarslanim,Gaming,354,27550444,238,2750000,1488270434,10
Uganda,Maizen,@maizenofficial,Gaming,328,76578595,32,17300000,15039318337,1
Uganda,Football TV,@footballtvuefa,Sports,315,9107196,72,649000,171747197,2
Uganda,Foltyn,@foltynfamily,Gaming,311,86671942,47,12300000,4206223213,3
Uganda,RAUNDLER,@raundler677,Gaming,301,7022401,65,267000,78244029,4
Uganda,MrBeast Gaming,@mrbeastgaming,Gaming,288,419311082,16,58300000,11312421126,5
Uganda,Sheebah,@sheebahkarungi,Music,288,9544247,11,879000,210059996,6
Uganda,Eddy Kenzo,@eddykenzo,Music,277,3683800,13,2850000,860394946,7
Uganda,Alien Skin OFFICIAL,@alienskinug1,Music,275,3530167,11,255000,51588669,8
Uganda,十Loork Football,@loorkfootball,Gaming,270,10096777,66,1390000,477452072,9
Uganda,BEN EAGLE,@beneagleofficial,Entertainment,268,633389408,11,44800000,29620919948,10
Ukraine,Release - Topic,,Music,538,31744677,107,764,2200163,1
Ukraine,ГЛЕНТ,@glentyoutube,Gaming,457,106659256,92,24900000,6014206779,2
Ukraine,i_roblox_queen,@i_roblox_queen725,Gaming,382,55230052,101,10900000,5496294998,3
Ukraine,FixEye - Роблокс,@fixeyeroblox,Gaming,375,83105128,175,1830000,1052451418,4
Ukraine,MrLololoshka (Роман Фильченков),@mrlololoshka,Gaming,374,122301625,158,11400000,5618592995,5
Ukraine,Компот,@compot,Gaming,355,106364067,259,17500000,11342499500,6
Ukraine,EdisonPts,@edisonpts,Gaming,355,94435556,187,17200000,8854128264,7
Ukraine,EroxBlox,@eroxbloxjust,Gaming,355,87797503,179,1420000,441172610,8
Ukraine,ВЛАДУС ИГРАЕТ,@vladusgame,Gaming,355,57600863,105,6000000,2638151043,9
Ukraine,ВЛАДУС,@vladus,Gaming,355,53234581,102,11000000,4169437674,10
United Arab Emirates,تجارب اسراء - Esraa Nabil,@esraanabil2,People & Blogs,698,51454855,24,3880000,675892554,1
United Arab Emirates,beIN SPORTS,@beinsports,Sports,640,195609981,58,14300000,2333986858,2
United Arab Emirates,صالح - oPiiLz,@opiilz,Entertainment,619,63109117,70,10300000,3090001773,3
United Arab Emirates,The wonder roby (‫روبي الخارقه‬‎),@thewonderroby,Film & Animation,566,21524126,22,1290000,518637330,4
United Arab Emirates,T-Series,@tseries,Music,526,1384481846,114,313000000,348663253146,5
United Arab Emirates,Brawl Stars,@brawlstars,Gaming,487,443659040,61,25700000,4873772550,6
United Arab Emirates,Peace Cake,@peacecake,Comedy,466,18077634,15,2740000,838232296,7
United Arab Emirates,HYBE LABELS,@hybelabels,Music,458,537415049,58,81900000,47054602165,8
United Arab Emirates,Narins Beauty,@narobeauty,Entertainment,423,68391461,14,16500000,2663431497,9
United Arab Emirates,MrBeast,@mrbeast,Entertainment,399,1800360561,14,415000000,90957106039,10
United Kingdom,Sky Sports Premier League,@skysportspremierleague,Sports,478,99073106,80,5550000,4819516516,1
United Kingdom,CaylusBlox,@caylusblox,Gaming,385,322958457,333,10800000,3378498070,2
United Kingdom,Foltyn,@foltynfamily,Gaming,385,237207428,281,12300000,4206223213,3
United Kingdom,Cash,@cashminecraft,Entertainment,366,66812195,306,11300000,3672046981,4
United Kingdom,Netflix,@netflix,Entertainment,362,285373377,158,33500000,11329778322,5
United Kingdom,Dash Roblox,@daashr,Gaming,353,45388323,342,1510000,964283733,6
United Kingdom,TNT Sports,@tntsports,Sports,340,79666752,60,5960000,4143279394,7
United Kingdom,CaseOh,@caseoh_,Gaming,337,116808583,332,10700000,2397006432,8
United Kingdom,Slogo,@slogo,Gaming,336,19542521,270,11800000,9531081207,9
United Kingdom,AuzioMF,@auziomf,Gaming,335,36290592,334,953000,843308211,10
United States,Foltyn,@foltynfamily,Gaming,386,251338837,286,12300000,4206223213,1
United States,CaylusBlox,@caylusblox,Gaming,367,319853509,319,10800000,3378498070,2
United States,CaseOh,@caseoh_,Gaming,354,121436220,331,10700000,2397006432,3
United States,Cash,@cashminecraft,Entertainment,348,101519913,289,11300000,3672046981,4
United States,NFL,@nfl,Sports,347,251239241,67,14500000,12079698554,5
United States,Techy Plays,@techy-plays,Gaming,346,61008308,329,4870000,1010066163,6
United States,Johnny Minecraft,@johnnyminecraftyt,Gaming,332,41035042,330,4720000,961341919,7
United States,Netflix,@netflix,Entertainment,316,291368353,136,33500000,11329778322,8
United States,Aphmau,@aphmau,Gaming,316,112516376,303,25100000,29761904476,9
United States,Flamingo,@flamingo,Gaming,315,139051043,147,14600000,12640249094,10
Uruguay,Fede Vigevani,@fedevigevani,Entertainment,855,434505205,38,73600000,25384913225,1
Uruguay,ESPN Fans,@espnfans,Sports,710,154359899,62,8010000,6227885047,2
Uruguay,RDjavi,@rdjaviii,Gaming,671,121700125,51,6340000,1002532658,3
Uruguay,Brawl Stars,@brawlstars,Gaming,669,449998934,45,25700000,4873772550,4
Uruguay,Spreen,@spreen,Gaming,639,35554137,29,8340000,2137772898,5
Uruguay,Luisito Comunica,@luisitocomunica,Entertainment,603,165574988,21,44900000,10926415703,6
Uruguay,HYBE LABELS,@hybelabels,Music,584,548356889,28,81900000,47054602165,7
Uruguay,MrBeast,@mrbeast,Entertainment,575,2233727834,19,415000000,90957106039,8
Uruguay,SpreenDMC,@spreendmc1,Gaming,545,39380115,43,4240000,921671297,9
Uruguay,The La Planta,@thelaplantaof,Music,509,37135113,26,955000,1661719338,10
Venezuela,Fede Vigevani,@fedevigevani,Entertainment,779,423632516,38,73000000,24854360755,1
Venezuela,ESPN Fans,@espnfans,Sports,657,151005518,56,8010000,6227885047,2
Venezuela,HYBE LABELS,@hybelabels,Music,600,714031569,79,81900000,47054602165,3
Venezuela,Brawl Stars,@brawlstars,Gaming,566,461312237,68,25700000,4873772550,4
Venezuela,Luisito Comunica,@luisitocomunica,Entertainment,553,164213307,21,44900000,10926415703,5
Venezuela,MrBeast,@mrbeast,Entertainment,537,2091561550,18,415000000,90957106039,6
Venezuela,Juan De Dios Pantoja,@juandediospantojaa,People & Blogs,469,107868865,16,51600000,7782133656,7
Venezuela,Chuy Mine,@chuymine,Gaming,455,123115521,313,6140000,2550071003,8
Venezuela,Rubius Z,@elrubius,Gaming,453,244230912,162,14600000,3644621239,9
Venezuela,RDjavi,@rdjaviii,Gaming,448,104291825,55,6340000,1002532658,10
Vietnam,Liên Quân Mobile eSports-Garena,@lienquanmobilesportsgarena,Gaming,581,217612891,104,5610000,3443533332,1
Vietnam,Sheep,@sheep95,Entertainment,395,178181646,29,5540000,3486069270,2
Vietnam,Toga TV,@sinhto.togatv,Gaming,355,117195826,148,4590000,3195369020,3
Vietnam,Oops Hiha,@oopshiha,Gaming,355,106266121,150,6960000,4618391994,4
Vietnam,Bi Huỳnh Roblox,@bihuynhxdd,Gaming,355,97421930,103,1230000,408899013,5
Vietnam,bqThanh,@bqthanhmc,Gaming,355,63437612,129,4470000,3469305087,6
Vietnam,H2O Remix,@h2oremix88,Music,355,42306596,117,2780000,1066411372,7
Vietnam,JayGray Roblox,@jaygrayroblox,Gaming,355,33110263,119,1220000,518987447,8
Vietnam,JayGrayVN,@jaygray,Gaming,355,32048520,115,4910000,1961553518,9
Vietnam,Air Lofi Chill,@airlofichill,Music,354,13861826,141,255000,81226470,10
Yemen,صالح - oPiiLz,@opiilz,Entertainment,744,66629565,70,10300000,3092856243,1
Yemen,تجارب اسراء - Esraa Nabil,@esraanabil2,People & Blogs,698,51455218,24,3880000,675892554,2
Yemen,beIN SPORTS,@beinsports,Sports,664,196223375,61,14300000,2333986858,3
Yemen,Brawl Stars,@brawlstars,Gaming,622,437261567,44,25700000,4873772550,4
Yemen,مصطفى GAME OVER,@mustafago,Gaming,543,70770711,138,12900000,4673324075,5
Yemen,BanderitaX,@banderitax,Gaming,522,60887540,63,20900000,6747936190,6
Yemen,The wonder roby (‫روبي الخارقه‬‎),@thewonderroby,Film & Animation,513,20118884,20,1290000,518637330,7
Yemen,Peace Cake,@peacecake,Comedy,432,17424742,14,2740000,838232296,8
Yemen,mohammed oden,@mohammed-oden,Film & Animation,431,19014648,22,1490000,184284530,9
Yemen,Narins Beauty,@narobeauty,Entertainment,423,68391506,14,16500000,2663431497,10
Zimbabwe,MrBeast,@mrbeast,Entertainment,730,4031026204,28,415000000,90957106039,1
Zimbabwe,Zack D. Films,@zackdfilms,Travel & Events,417,511669700,13,21900000,41105735465,2
Zimbabwe,SamSpedy,@samspedy,Comedy,390,32584821,13,4090000,1492960824,3
Zimbabwe,MSA previously My Story Animated,@msa.official,Film & Animation,326,82716810,13,25400000,12319049126,4
Zimbabwe,Maizen,@maizenofficial,Gaming,317,69972608,32,17300000,15039318337,5
Zimbabwe,Zimcelebs Tv,@zimcelebstv,Entertainment,311,4287587,17,233000,61011207,6
Zimbabwe,KillerTVEVO,@killertvevo-km3jx,Music,309,3745987,20,338000,110211196,7
Zimbabwe,TechyCrew,@techy-crew,Gaming,294,20392627,79,1120000,688670402,8
Zimbabwe,MrBeast Gaming,@mrbeastgaming,Gaming,289,450250727,16,58300000,11312421126,9
Zimbabwe,MoreS2G,@mores2g,Gaming,288,20631019,56,753000,213889339,10
